[
  {
    "title": "Minecraft Lava Chicken",
    "author": "Hyper Potions",
    "duration": 136,
    "disc-namespace": "minecraftlavachickenhyperpotionsone",
    "model-data": 5,
    "creeper-drop": false,
    "lores": [],
    "loot-tables": {
      "spawners/trial_chamber/consumables": 10,
      "spawners/ominous/trial_chamber/consumables": 1,
      "chests/ruined_portal": 110,
      "chests/shipwreck_map": 250,
      "chests/shipwreck_supply": 250,
      "chests/shipwreck_treasure": 250,
      "chests/village/village_plains_house": 500,
      "chests/village/village_savanna_house": 500,
      "chests/village/village_desert_house": 500,
      "chests/village/village_snowy_house": 500,
      "chests/village/village_taiga_house": 500
    },
    "fragment-loot-tables": {}
  },
  {
    "title": "Eyes Nose Lips",
    "author": "Taeyang",
    "duration": 127,
    "disc-namespace": "eyesnoselipstaeyangone",
    "model-data": 6,
    "creeper-drop": false,
    "lores": [],
    "loot-tables": {
      "chests/trial_chambers/supply": 1000,
      "chests/trial_chambers/intersection_barrel": 1000,
      "chests/trial_chambers/intersection": 1000,
      "chests/trial_chambers/entrance": 1000,
      "chests/trial_chambers/corridor": 1000,
      "pots/trial_chambers/corridor": 1111,
      "chests/trial_chambers/reward": 111,
      "chests/trial_chambers/reward_ominous": 111,
      "spawners/trial_chamber/consumables": 11,
      "spawners/ominous/trial_chamber/consumables": 11,
      "chests/ancient_city": 11,
      "chests/ancient_city_ice_box": 11,
      "chests/bastion_bridge": 11,
      "chests/bastion_hoglin_treasure": 11,
      "chests/bastion_other": 11,
      "chests/bastion_treasure": 11,
      "chests/desert_pyramid": 11,
      "archaeology/desert_pyramid": 111,
      "chests/simple_dungeon": 11,
      "chests/end_city_treasure": 1000,
      "chests/igloo_chest": 1000,
      "chests/jungle_temple": 1000,
      "chests/nether_bridge": 1000,
      "chests/ruined_portal": 111,
      "chests/pillager_outpost": 1000,
      "chests/shipwreck_map": 1000,
      "chests/shipwreck_supply": 1000,
      "chests/shipwreck_treasure": 1000,
      "chests/stronghold_corridor": 1000,
      "chests/stronghold_crossing": 1000,
      "chests/underwater_ruin_big": 1000,
      "chests/underwater_ruin_small": 1000
    },
    "fragment-loot-tables": {}
  },
  {
    "title": "Cô Gái Gucci Remix",
    "author": "",
    "duration": 279,
    "disc-namespace": "cgigucciremixone",
    "model-data": 2,
    "creeper-drop": true,
    "lores": [],
    "loot-tables": {
      "chests/abandoned_mineshaft": 1000
    },
    "fragment-loot-tables": {}
  },
  {
    "title": "JACK",
    "author": "J97  THIÊN LÝ ƠI  Official Music Video",
    "duration": 308,
    "disc-namespace": "jackjnineseventhinliofficialmusicvideoone",
    "model-data": 1,
    "creeper-drop": false,
    "lores": [],
    "loot-tables": {
      "chests/bastion_bridge": 100,
      "chests/bastion_hoglin_treasure": 100,
      "chests/bastion_other": 100,
      "chests/bastion_treasure": 100,
      "chests/village/village_plains_house": 1000,
      "chests/village/village_savanna_house": 1000,
      "chests/village/village_desert_house": 1000,
      "chests/village/village_snowy_house": 1000,
      "chests/village/village_taiga_house": 1000,
      "chests/abandoned_mineshaft": 100
    },
    "fragment-loot-tables": {}
  },
  {
    "title": "BẮC BLING ( BẮC NINH )",
    "author": "HOÀ MINZY ft NS XUÂN HINH x MASEW x TUẤN CRY",
    "duration": 259,
    "disc-namespace": "bcblingbcninhhominzyftnsxunhinhxmasewxtuncryone",
    "model-data": 3,
    "creeper-drop": true,
    "lores": [],
    "loot-tables": {
      "chests/village/village_plains_house": 1000,
      "chests/village/village_savanna_house": 1000,
      "chests/village/village_desert_house": 1000,
      "chests/village/village_snowy_house": 1000,
      "chests/village/village_taiga_house": 1000
    },
    "fragment-loot-tables": {}
  },
  {
    "title": "TRÌNH",
    "author": "HIEUTHUHAI (prod. by Kewtiie)",
    "duration": 277,
    "disc-namespace": "trnhhieuthuhaiprodbykewtiieone",
    "model-data": 4,
    "creeper-drop": true,
    "lores": [],
    "loot-tables": {
      "chests/trial_chambers/reward": 11110
    },
    "fragment-loot-tables": {}
  }
]