{
  "model": {
    "type": "range_dispatch",
    "property": "custom_model_data",
    "fallback": {
      "type": "model",
      "model": "item/disc_fragment_5"
    },
    "entries": [
      {
        "threshold": 5,
        "model": {
          "type": "model",
          "model": "item/fragment_minecraftlavachickenhyperpotionsone"
        }
      },
      {
        "threshold": 6,
        "model": {
          "type": "model",
          "model": "item/fragment_eyesnoselipstaeyangone"
        }
      },
      {
        "threshold": 2,
        "model": {
          "type": "model",
          "model": "item/fragment_cgigucciremixone"
        }
      },
      {
        "threshold": 1,
        "model": {
          "type": "model",
          "model": "item/fragment_jackjnineseventhinliofficialmusicvideoone"
        }
      },
      {
        "threshold": 3,
        "model": {
          "type": "model",
          "model": "item/fragment_bcblingbcninhhominzyftnsxunhinhxmasewxtuncryone"
        }
      },
      {
        "threshold": 4,
        "model": {
          "type": "model",
          "model": "item/fragment_trnhhieuthuhaiprodbykewtiieone"
        }
      }
    ]
  }
}