{
  "parent": "item/generated",
  "textures": {
    "layer0": "item/disc_fragment_5"
  },
  "overrides": [
    {
      "predicate": {
        "custom_model_data": 1
      },
      "model": "item/fragment_minecraftlavachickenhyperpotionsone"
    },
    {
      "predicate": {
        "custom_model_data": 5
      },
      "model": "item/fragment_minecraftlavachickenhyperpotionsone"
    },
    {
      "predicate": {
        "custom_model_data": 6
      },
      "model": "item/fragment_eyesnoselipstaeyangone"
    },
    {
      "predicate": {
        "custom_model_data": 2
      },
      "model": "item/fragment_cgigucciremixone"
    },
    {
      "predicate": {
        "custom_model_data": 1
      },
      "model": "item/fragment_jackjnineseventhinliofficialmusicvideoone"
    },
    {
      "predicate": {
        "custom_model_data": 3
      },
      "model": "item/fragment_bcblingbcninhhominzyftnsxunhinhxmasewxtuncryone"
    },
    {
      "predicate": {
        "custom_model_data": 4
      },
      "model": "item/fragment_trnhhieuthuhaiprodbykewtiieone"
    }
  ]
}