{
  "overrides": [
    {
      "predicate": {
        "custom_model_data": 1
      },
      "model": "modelengine:toro_wither_pool/pool"
    },
    {
      "predicate": {
        "custom_model_data": 2
      },
      "model": "modelengine:toro_wither_skull_2ndphase/head"
    },
    {
      "predicate": {
        "custom_model_data": 3
      },
      "model": "modelengine:toro_wither_skull_2ndphase/jaw"
    },
    {
      "predicate": {
        "custom_model_data": 4
      },
      "model": "modelengine:toro_wither_skull/left_head"
    },
    {
      "predicate": {
        "custom_model_data": 5
      },
      "model": "modelengine:toro_wither_terror/body"
    },
    {
      "predicate": {
        "custom_model_data": 6
      },
      "model": "modelengine:toro_wither_terror/tail1"
    },
    {
      "predicate": {
        "custom_model_data": 7
      },
      "model": "modelengine:toro_wither_terror/neck"
    },
    {
      "predicate": {
        "custom_model_data": 8
      },
      "model": "modelengine:toro_wither_terror/left_arm"
    },
    {
      "predicate": {
        "custom_model_data": 9
      },
      "model": "modelengine:toro_wither_terror/right_arm"
    },
    {
      "predicate": {
        "custom_model_data": 10
      },
      "model": "modelengine:toro_wither_terror/tail2"
    },
    {
      "predicate": {
        "custom_model_data": 11
      },
      "model": "modelengine:toro_wither_terror/head"
    },
    {
      "predicate": {
        "custom_model_data": 12
      },
      "model": "modelengine:toro_wither_terror/left_forearm"
    },
    {
      "predicate": {
        "custom_model_data": 13
      },
      "model": "modelengine:toro_wither_terror/right_forearm"
    },
    {
      "predicate": {
        "custom_model_data": 14
      },
      "model": "modelengine:toro_wither_terror/tail3"
    },
    {
      "predicate": {
        "custom_model_data": 15
      },
      "model": "modelengine:toro_wither_terror/jaw"
    },
    {
      "predicate": {
        "custom_model_data": 16
      },
      "model": "modelengine:toro_wither_terror/left_hand"
    },
    {
      "predicate": {
        "custom_model_data": 17
      },
      "model": "modelengine:toro_wither_terror/right_hand"
    },
    {
      "predicate": {
        "custom_model_data": 18
      },
      "model": "modelengine:toro_wither_terror/left_finger_pinky"
    },
    {
      "predicate": {
        "custom_model_data": 19
      },
      "model": "modelengine:toro_wither_terror/left_thumb"
    },
    {
      "predicate": {
        "custom_model_data": 20
      },
      "model": "modelengine:toro_wither_terror/left_finger_mid"
    },
    {
      "predicate": {
        "custom_model_data": 21
      },
      "model": "modelengine:toro_wither_terror/left_finger_index"
    },
    {
      "predicate": {
        "custom_model_data": 22
      },
      "model": "modelengine:toro_wither_terror/right_finger_index"
    },
    {
      "predicate": {
        "custom_model_data": 23
      },
      "model": "modelengine:toro_wither_terror/head_on_hand"
    },
    {
      "predicate": {
        "custom_model_data": 24
      },
      "model": "modelengine:toro_wither_terror/right_finger_mid"
    },
    {
      "predicate": {
        "custom_model_data": 25
      },
      "model": "modelengine:toro_wither_terror/right_finger_pinky"
    },
    {
      "predicate": {
        "custom_model_data": 26
      },
      "model": "modelengine:toro_wither_terror/right_thumb"
    },
    {
      "predicate": {
        "custom_model_data": 27
      },
      "model": "modelengine:toro_wither_terror/jaw2"
    },
    {
      "predicate": {
        "custom_model_data": 28
      },
      "model": "modelengine:toro_wither/body"
    },
    {
      "predicate": {
        "custom_model_data": 29
      },
      "model": "modelengine:toro_wither/left_arm"
    },
    {
      "predicate": {
        "custom_model_data": 30
      },
      "model": "modelengine:toro_wither/core"
    },
    {
      "predicate": {
        "custom_model_data": 31
      },
      "model": "modelengine:toro_wither/left_rib"
    },
    {
      "predicate": {
        "custom_model_data": 32
      },
      "model": "modelengine:toro_wither/right_rib"
    },
    {
      "predicate": {
        "custom_model_data": 33
      },
      "model": "modelengine:toro_wither/right_arm"
    },
    {
      "predicate": {
        "custom_model_data": 34
      },
      "model": "modelengine:toro_wither/left_neck"
    },
    {
      "predicate": {
        "custom_model_data": 35
      },
      "model": "modelengine:toro_wither/head"
    },
    {
      "predicate": {
        "custom_model_data": 36
      },
      "model": "modelengine:toro_wither/right_neck"
    },
    {
      "predicate": {
        "custom_model_data": 37
      },
      "model": "modelengine:toro_wither/spine"
    },
    {
      "predicate": {
        "custom_model_data": 38
      },
      "model": "modelengine:toro_wither/left_forearm"
    },
    {
      "predicate": {
        "custom_model_data": 39
      },
      "model": "modelengine:toro_wither/right_forearm"
    },
    {
      "predicate": {
        "custom_model_data": 40
      },
      "model": "modelengine:toro_wither/left_head"
    },
    {
      "predicate": {
        "custom_model_data": 41
      },
      "model": "modelengine:toro_wither/jaw"
    },
    {
      "predicate": {
        "custom_model_data": 42
      },
      "model": "modelengine:toro_wither/right_head"
    },
    {
      "predicate": {
        "custom_model_data": 43
      },
      "model": "modelengine:toro_wither/spine2"
    },
    {
      "predicate": {
        "custom_model_data": 44
      },
      "model": "modelengine:toro_wither/left_claw"
    },
    {
      "predicate": {
        "custom_model_data": 45
      },
      "model": "modelengine:toro_wither/right_claw"
    },
    {
      "predicate": {
        "custom_model_data": 46
      },
      "model": "modelengine:toro_wither_still/body"
    },
    {
      "predicate": {
        "custom_model_data": 47
      },
      "model": "modelengine:toro_wither_still/nothing"
    },
    {
      "predicate": {
        "custom_model_data": 48
      },
      "model": "modelengine:toro_wither_still/left_arm"
    },
    {
      "predicate": {
        "custom_model_data": 49
      },
      "model": "modelengine:toro_wither_still/core"
    },
    {
      "predicate": {
        "custom_model_data": 50
      },
      "model": "modelengine:toro_wither_still/left_rib"
    },
    {
      "predicate": {
        "custom_model_data": 51
      },
      "model": "modelengine:toro_wither_still/right_rib"
    },
    {
      "predicate": {
        "custom_model_data": 52
      },
      "model": "modelengine:toro_wither_still/right_arm"
    },
    {
      "predicate": {
        "custom_model_data": 53
      },
      "model": "modelengine:toro_wither_still/left_neck"
    },
    {
      "predicate": {
        "custom_model_data": 54
      },
      "model": "modelengine:toro_wither_still/head"
    },
    {
      "predicate": {
        "custom_model_data": 55
      },
      "model": "modelengine:toro_wither_still/right_neck"
    },
    {
      "predicate": {
        "custom_model_data": 56
      },
      "model": "modelengine:toro_wither_still/spine"
    },
    {
      "predicate": {
        "custom_model_data": 57
      },
      "model": "modelengine:toro_wither_still/left_forearm"
    },
    {
      "predicate": {
        "custom_model_data": 58
      },
      "model": "modelengine:toro_wither_still/right_forearm"
    },
    {
      "predicate": {
        "custom_model_data": 59
      },
      "model": "modelengine:toro_wither_still/left_head"
    },
    {
      "predicate": {
        "custom_model_data": 60
      },
      "model": "modelengine:toro_wither_still/jaw"
    },
    {
      "predicate": {
        "custom_model_data": 61
      },
      "model": "modelengine:toro_wither_still/right_head"
    },
    {
      "predicate": {
        "custom_model_data": 62
      },
      "model": "modelengine:toro_wither_still/spine2"
    },
    {
      "predicate": {
        "custom_model_data": 63
      },
      "model": "modelengine:toro_wither_still/left_claw"
    },
    {
      "predicate": {
        "custom_model_data": 64
      },
      "model": "modelengine:toro_wither_still/right_claw"
    }
  ],
  "parent": "minecraft:item/generated",
  "textures": {
    "layer0": "minecraft:item/leather_horse_armor"
  }
}