{
  "parent": "item/generated",
  "textures": {
    "layer0": "item/music_disc_11"
  },
  "overrides": [
    {
      "predicate": {
        "custom_model_data": 1
      },
      "model": "item/music_disc_minecraftlavachickenhyperpotionsone"
    },
    {
      "predicate": {
        "custom_model_data": 5
      },
      "model": "item/music_disc_minecraftlavachickenhyperpotionsone"
    },
    {
      "predicate": {
        "custom_model_data": 6
      },
      "model": "item/music_disc_eyesnoselipstaeyangone"
    },
    {
      "predicate": {
        "custom_model_data": 2
      },
      "model": "item/music_disc_cgigucciremixone"
    },
    {
      "predicate": {
        "custom_model_data": 1
      },
      "model": "item/music_disc_jackjnineseventhinliofficialmusicvideoone"
    },
    {
      "predicate": {
        "custom_model_data": 3
      },
      "model": "item/music_disc_bcblingbcninhhominzyftnsxunhinhxmasewxtuncryone"
    },
    {
      "predicate": {
        "custom_model_data": 4
      },
      "model": "item/music_disc_trnhhieuthuhaiprodbykewtiieone"
    }
  ]
}