{
  "textures": {
    "0": "modelengine:entity/toro_wither",
    "particle": "#0"
  },
  "elements": [
    {
      "from": [
        3.5900002,
        -15.880001,
        6.3199997
      ],
      "to": [
        6.53,
        -9.160002,
        8.84
      ],
      "faces": {
        "east": {
          "uv": [
            2.8125,
            8.3125,
            2.9375,
            8.65625
          ],
          "tintindex": 0,
          "rotation": 0,
          "texture": "#0"
        },
        "south": {
          "uv": [
            6.125,
            8,
            6.28125,
            8.34375
          ],
          "tintindex": 0,
          "rotation": 0,
          "texture": "#0"
        },
        "north": {
          "uv": [
            0.84375,
            8,
            1,
            8.34375
          ],
          "tintindex": 0,
          "rotation": 0,
          "texture": "#0"
        },
        "west": {
          "uv": [
            0.84375,
            8.34375,
            0.96875,
            8.6875
          ],
          "tintindex": 0,
          "rotation": 0,
          "texture": "#0"
        },
        "up": {
          "uv": [
            8.90625,
            6.875,
            8.75,
            6.75
          ],
          "tintindex": 0,
          "rotation": 0,
          "texture": "#0"
        },
        "down": {
          "uv": [
            8.90625,
            7.59375,
            8.75,
            7.71875
          ],
          "tintindex": 0,
          "rotation": 0,
          "texture": "#0"
        }
      },
      "rotation": {
        "origin": [
          4.6400003,
          0.4999981,
          2.54
        ],
        "angle": 22.5,
        "axis": "y"
      }
    },
    {
      "from": [
        6.32,
        0.289999,
        -3.5500002
      ],
      "to": [
        12.41,
        2.5999985,
        -0.8199997
      ],
      "faces": {
        "east": {
          "uv": [
            5.96875,
            5.0625,
            6.125,
            5.1875
          ],
          "tintindex": 0,
          "rotation": 0,
          "texture": "#0"
        },
        "south": {
          "uv": [
            0.21875,
            8.40625,
            0.53125,
            8.53125
          ],
          "tintindex": 0,
          "rotation": 0,
          "texture": "#0"
        },
        "north": {
          "uv": [
            1.0625,
            4.59375,
            1.375,
            4.71875
          ],
          "tintindex": 0,
          "rotation": 0,
          "texture": "#0"
        },
        "west": {
          "uv": [
            8.75,
            3.9375,
            8.90625,
            4.0625
          ],
          "tintindex": 0,
          "rotation": 0,
          "texture": "#0"
        },
        "up": {
          "uv": [
            7.03125,
            5.84375,
            6.71875,
            5.6875
          ],
          "tintindex": 0,
          "rotation": 0,
          "texture": "#0"
        },
        "down": {
          "uv": [
            8.28125,
            4.5625,
            7.96875,
            4.71875
          ],
          "tintindex": 0,
          "rotation": 0,
          "texture": "#0"
        }
      },
      "rotation": {
        "origin": [
          6.74,
          0.4999981,
          -2.5
        ],
        "angle": 22.5,
        "axis": "z"
      }
    },
    {
      "from": [
        2.96,
        -1.6000004,
        -0.39999962
      ],
      "to": [
        7.16,
        2.5999985,
        7.16
      ],
      "faces": {
        "east": {
          "uv": [
            7.1875,
            3.5,
            7.59375,
            3.71875
          ],
          "tintindex": 0,
          "rotation": 0,
          "texture": "#0"
        },
        "south": {
          "uv": [
            8.09375,
            8,
            8.3125,
            8.21875
          ],
          "tintindex": 0,
          "rotation": 0,
          "texture": "#0"
        },
        "north": {
          "uv": [
            8.09375,
            7.78125,
            8.3125,
            8
          ],
          "tintindex": 0,
          "rotation": 0,
          "texture": "#0"
        },
        "west": {
          "uv": [
            7.1875,
            4.4375,
            7.59375,
            4.65625
          ],
          "tintindex": 0,
          "rotation": 0,
          "texture": "#0"
        },
        "up": {
          "uv": [
            1.9375,
            7.4375,
            1.71875,
            7.03125
          ],
          "tintindex": 0,
          "rotation": 0,
          "texture": "#0"
        },
        "down": {
          "uv": [
            1.34375,
            7.15625,
            1.125,
            7.5625
          ],
          "tintindex": 0,
          "rotation": 0,
          "texture": "#0"
        }
      },
      "rotation": {
        "origin": [
          4.6400003,
          0.4999981,
          2.54
        ],
        "angle": 22.5,
        "axis": "y"
      }
    },
    {
      "from": [
        2.12,
        -2.4400005,
        4.64
      ],
      "to": [
        8,
        3.4399986,
        10.52
      ],
      "faces": {
        "east": {
          "uv": [
            6.75,
            4.125,
            7.0625,
            4.4375
          ],
          "tintindex": 0,
          "rotation": 0,
          "texture": "#0"
        },
        "south": {
          "uv": [
            6.59375,
            6.78125,
            6.90625,
            7.09375
          ],
          "tintindex": 0,
          "rotation": 0,
          "texture": "#0"
        },
        "north": {
          "uv": [
            1.4375,
            6.6875,
            1.75,
            7
          ],
          "tintindex": 0,
          "rotation": 0,
          "texture": "#0"
        },
        "west": {
          "uv": [
            4.125,
            6.8125,
            4.4375,
            7.125
          ],
          "tintindex": 0,
          "rotation": 0,
          "texture": "#0"
        },
        "up": {
          "uv": [
            6,
            7.125,
            5.6875,
            6.8125
          ],
          "tintindex": 0,
          "rotation": 0,
          "texture": "#0"
        },
        "down": {
          "uv": [
            1.09375,
            6.84375,
            0.78125,
            7.15625
          ],
          "tintindex": 0,
          "rotation": 0,
          "texture": "#0"
        }
      },
      "rotation": {
        "origin": [
          4.6400003,
          0.4999981,
          2.54
        ],
        "angle": 22.5,
        "axis": "y"
      }
    },
    {
      "from": [
        2.54,
        -9.160002,
        5.48
      ],
      "to": [
        7.58,
        -2.4400005,
        9.68
      ],
      "faces": {
        "east": {
          "uv": [
            0.375,
            7.40625,
            0.59375,
            7.75
          ],
          "tintindex": 0,
          "rotation": 0,
          "texture": "#0"
        },
        "south": {
          "uv": [
            0.6875,
            7.375,
            0.9375,
            7.71875
          ],
          "tintindex": 0,
          "rotation": 0,
          "texture": "#0"
        },
        "north": {
          "uv": [
            6.46875,
            7.3125,
            6.71875,
            7.65625
          ],
          "tintindex": 0,
          "rotation": 0,
          "texture": "#0"
        },
        "west": {
          "uv": [
            1.71875,
            7.4375,
            1.9375,
            7.78125
          ],
          "tintindex": 0,
          "rotation": 0,
          "texture": "#0"
        },
        "up": {
          "uv": [
            8.1875,
            7.21875,
            7.9375,
            7
          ],
          "tintindex": 0,
          "rotation": 0,
          "texture": "#0"
        },
        "down": {
          "uv": [
            2.03125,
            7.96875,
            1.78125,
            8.1875
          ],
          "tintindex": 0,
          "rotation": 0,
          "texture": "#0"
        }
      },
      "rotation": {
        "origin": [
          4.6400003,
          0.4999981,
          2.54
        ],
        "angle": 22.5,
        "axis": "y"
      }
    },
    {
      "from": [
        2.96,
        -8.1,
        -0.39999962
      ],
      "to": [
        7.16,
        -3.9000015,
        7.16
      ],
      "faces": {
        "east": {
          "uv": [
            7.1875,
            3.5,
            7.59375,
            3.71875
          ],
          "tintindex": 0,
          "rotation": 0,
          "texture": "#0"
        },
        "south": {
          "uv": [
            8.09375,
            8,
            8.3125,
            8.21875
          ],
          "tintindex": 0,
          "rotation": 0,
          "texture": "#0"
        },
        "north": {
          "uv": [
            8.09375,
            7.78125,
            8.3125,
            8
          ],
          "tintindex": 0,
          "rotation": 0,
          "texture": "#0"
        },
        "west": {
          "uv": [
            7.1875,
            4.4375,
            7.59375,
            4.65625
          ],
          "tintindex": 0,
          "rotation": 0,
          "texture": "#0"
        },
        "up": {
          "uv": [
            1.9375,
            7.4375,
            1.71875,
            7.03125
          ],
          "tintindex": 0,
          "rotation": 0,
          "texture": "#0"
        },
        "down": {
          "uv": [
            1.34375,
            7.15625,
            1.125,
            7.5625
          ],
          "tintindex": 0,
          "rotation": 0,
          "texture": "#0"
        }
      },
      "rotation": {
        "origin": [
          4.6400003,
          -6.000002,
          2.54
        ],
        "angle": 22.5,
        "axis": "y"
      }
    },
    {
      "from": [
        1.9099998,
        -6.84,
        -4.1800003
      ],
      "to": [
        7.16,
        -3.6900005,
        -1.0299997
      ],
      "faces": {
        "east": {
          "uv": [
            7.9375,
            8.65625,
            8.09375,
            8.8125
          ],
          "tintindex": 0,
          "rotation": 0,
          "texture": "#0"
        },
        "south": {
          "uv": [
            8.28125,
            0,
            8.5625,
            0.15625
          ],
          "tintindex": 0,
          "rotation": 0,
          "texture": "#0"
        },
        "north": {
          "uv": [
            8.1875,
            7.0625,
            8.46875,
            7.21875
          ],
          "tintindex": 0,
          "rotation": 0,
          "texture": "#0"
        },
        "west": {
          "uv": [
            8.40625,
            8.65625,
            8.5625,
            8.8125
          ],
          "tintindex": 0,
          "rotation": 0,
          "texture": "#0"
        },
        "up": {
          "uv": [
            8.5625,
            6.125,
            8.28125,
            5.96875
          ],
          "tintindex": 0,
          "rotation": 0,
          "texture": "#0"
        },
        "down": {
          "uv": [
            8.5625,
            6.125,
            8.28125,
            6.28125
          ],
          "tintindex": 0,
          "rotation": 0,
          "texture": "#0"
        }
      },
      "rotation": {
        "origin": [
          6.74,
          -6.000002,
          -2.5
        ],
        "angle": 45,
        "axis": "y"
      }
    },
    {
      "from": [
        6.32,
        -6.210001,
        -3.5500002
      ],
      "to": [
        12.41,
        -3.9000015,
        -0.8199997
      ],
      "faces": {
        "east": {
          "uv": [
            5.96875,
            5.0625,
            6.125,
            5.1875
          ],
          "tintindex": 0,
          "rotation": 0,
          "texture": "#0"
        },
        "south": {
          "uv": [
            0.21875,
            8.40625,
            0.53125,
            8.53125
          ],
          "tintindex": 0,
          "rotation": 0,
          "texture": "#0"
        },
        "north": {
          "uv": [
            1.0625,
            4.59375,
            1.375,
            4.71875
          ],
          "tintindex": 0,
          "rotation": 0,
          "texture": "#0"
        },
        "west": {
          "uv": [
            8.75,
            3.9375,
            8.90625,
            4.0625
          ],
          "tintindex": 0,
          "rotation": 0,
          "texture": "#0"
        },
        "up": {
          "uv": [
            7.03125,
            5.84375,
            6.71875,
            5.6875
          ],
          "tintindex": 0,
          "rotation": 0,
          "texture": "#0"
        },
        "down": {
          "uv": [
            8.28125,
            4.5625,
            7.96875,
            4.71875
          ],
          "tintindex": 0,
          "rotation": 0,
          "texture": "#0"
        }
      },
      "rotation": {
        "origin": [
          6.74,
          -6.000002,
          -2.5
        ],
        "angle": 22.5,
        "axis": "z"
      }
    },
    {
      "from": [
        1.9099998,
        -0.34000015,
        -4.1800003
      ],
      "to": [
        7.16,
        2.8099995,
        -1.0299997
      ],
      "faces": {
        "east": {
          "uv": [
            7.9375,
            8.65625,
            8.09375,
            8.8125
          ],
          "tintindex": 0,
          "rotation": 0,
          "texture": "#0"
        },
        "south": {
          "uv": [
            8.28125,
            0,
            8.5625,
            0.15625
          ],
          "tintindex": 0,
          "rotation": 0,
          "texture": "#0"
        },
        "north": {
          "uv": [
            8.1875,
            7.0625,
            8.46875,
            7.21875
          ],
          "tintindex": 0,
          "rotation": 0,
          "texture": "#0"
        },
        "west": {
          "uv": [
            8.40625,
            8.65625,
            8.5625,
            8.8125
          ],
          "tintindex": 0,
          "rotation": 0,
          "texture": "#0"
        },
        "up": {
          "uv": [
            8.5625,
            6.125,
            8.28125,
            5.96875
          ],
          "tintindex": 0,
          "rotation": 0,
          "texture": "#0"
        },
        "down": {
          "uv": [
            8.5625,
            6.125,
            8.28125,
            6.28125
          ],
          "tintindex": 0,
          "rotation": 0,
          "texture": "#0"
        }
      },
      "rotation": {
        "origin": [
          6.74,
          0.4999981,
          -2.5
        ],
        "angle": 45,
        "axis": "y"
      }
    }
  ],
  "display": {
    "head": {
      "rotation": [
        0,
        0,
        0
      ]
    },
    "firstperson_righthand": {
      "rotation": [
        0,
        0,
        0
      ]
    },
    "thirdperson_lefthand": {
      "rotation": [
        0,
        0,
        0
      ]
    },
    "firstperson_lefthand": {
      "rotation": [
        0,
        0,
        0
      ]
    },
    "fixed": {
      "rotation": [
        0,
        0,
        0
      ]
    },
    "ground": {
      "rotation": [
        0,
        0,
        0
      ]
    },
    "thirdperson_righthand": {
      "rotation": [
        0,
        0,
        0
      ]
    },
    "gui": {
      "rotation": [
        -150,
        -45,
        180
      ]
    }
  }
}