{
  "textures": {
    "0": "modelengine:entity/toro_wither",
    "particle": "#0"
  },
  "elements": [
    {
      "from": [
        -13.910362,
        1.3781967,
        6.657648
      ],
      "to": [
        -4.145363,
        2.638195,
        8.232649
      ],
      "faces": {
        "east": {
          "uv": [
            2.90625,
            5.0625,
            3,
            5.125
          ],
          "tintindex": 0,
          "rotation": 0,
          "texture": "#0"
        },
        "south": {
          "uv": [
            8.40625,
            3.6875,
            8.90625,
            3.75
          ],
          "tintindex": 0,
          "rotation": 0,
          "texture": "#0"
        },
        "north": {
          "uv": [
            6.5,
            2.25,
            7,
            2.3125
          ],
          "tintindex": 0,
          "rotation": 0,
          "texture": "#0"
        },
        "west": {
          "uv": [
            4.9375,
            5.125,
            5.03125,
            5.1875
          ],
          "tintindex": 0,
          "rotation": 0,
          "texture": "#0"
        },
        "up": {
          "uv": [
            8.59375,
            0.25,
            8.09375,
            0.15625
          ],
          "tintindex": 0,
          "rotation": 0,
          "texture": "#0"
        },
        "down": {
          "uv": [
            8.59375,
            0.25,
            8.09375,
            0.34375
          ],
          "tintindex": 0,
          "rotation": 0,
          "texture": "#0"
        }
      },
      "rotation": {
        "origin": [
          -4.302864,
          2.0081978,
          4.7676487
        ],
        "angle": -45,
        "axis": "y"
      }
    },
    {
      "from": [
        -0.6803665,
        6.7331963,
        8.232649
      ],
      "to": [
        7.1946335,
        8.623196,
        10.122648
      ],
      "faces": {
        "east": {
          "uv": [
            6.84375,
            7.75,
            6.9375,
            7.84375
          ],
          "tintindex": 0,
          "rotation": 0,
          "texture": "#0"
        },
        "south": {
          "uv": [
            3.46875,
            8.40625,
            3.875,
            8.5
          ],
          "tintindex": 0,
          "rotation": 0,
          "texture": "#0"
        },
        "north": {
          "uv": [
            8.40625,
            3.21875,
            8.8125,
            3.3125
          ],
          "tintindex": 0,
          "rotation": 0,
          "texture": "#0"
        },
        "west": {
          "uv": [
            6.9375,
            7.75,
            7.03125,
            7.84375
          ],
          "tintindex": 0,
          "rotation": 0,
          "texture": "#0"
        },
        "up": {
          "uv": [
            8.8125,
            3.59375,
            8.40625,
            3.5
          ],
          "tintindex": 0,
          "rotation": 0,
          "texture": "#0"
        },
        "down": {
          "uv": [
            8.8125,
            3.59375,
            8.40625,
            3.6875
          ],
          "tintindex": 0,
          "rotation": 0,
          "texture": "#0"
        }
      },
      "rotation": {
        "origin": [
          3.2571335,
          5.473198,
          6.657648
        ],
        "angle": -22.5,
        "axis": "z"
      }
    },
    {
      "from": [
        -15.170364,
        4.843197,
        6.657648
      ],
      "to": [
        -4.145363,
        6.103195,
        8.232649
      ],
      "faces": {
        "east": {
          "uv": [
            2.9375,
            1.25,
            3.03125,
            1.3125
          ],
          "tintindex": 0,
          "rotation": 0,
          "texture": "#0"
        },
        "south": {
          "uv": [
            2.375,
            1.25,
            2.9375,
            1.3125
          ],
          "tintindex": 0,
          "rotation": 0,
          "texture": "#0"
        },
        "north": {
          "uv": [
            1.8125,
            1.25,
            2.375,
            1.3125
          ],
          "tintindex": 0,
          "rotation": 0,
          "texture": "#0"
        },
        "west": {
          "uv": [
            3.09375,
            4.28125,
            3.1875,
            4.34375
          ],
          "tintindex": 0,
          "rotation": 0,
          "texture": "#0"
        },
        "up": {
          "uv": [
            4.71875,
            3.125,
            4.15625,
            3.03125
          ],
          "tintindex": 0,
          "rotation": 0,
          "texture": "#0"
        },
        "down": {
          "uv": [
            5.9375,
            3.5,
            5.375,
            3.59375
          ],
          "tintindex": 0,
          "rotation": 0,
          "texture": "#0"
        }
      },
      "rotation": {
        "origin": [
          -4.302864,
          5.473198,
          4.7676487
        ],
        "angle": -45,
        "axis": "y"
      }
    },
    {
      "from": [
        -7.610367,
        -2.7168045,
        11.382648
      ],
      "to": [
        -0.050361633,
        -1.4568024,
        12.327648
      ],
      "faces": {
        "east": {
          "uv": [
            3.9375,
            1.0625,
            4,
            1.125
          ],
          "tintindex": 0,
          "rotation": 0,
          "texture": "#0"
        },
        "south": {
          "uv": [
            6.125,
            3.96875,
            6.53125,
            4.03125
          ],
          "tintindex": 0,
          "rotation": 0,
          "texture": "#0"
        },
        "north": {
          "uv": [
            3.53125,
            1.0625,
            3.9375,
            1.125
          ],
          "tintindex": 0,
          "rotation": 0,
          "texture": "#0"
        },
        "west": {
          "uv": [
            3,
            5.0625,
            3.0625,
            5.125
          ],
          "tintindex": 0,
          "rotation": 0,
          "texture": "#0"
        },
        "up": {
          "uv": [
            7.03125,
            2.71875,
            6.625,
            2.65625
          ],
          "tintindex": 0,
          "rotation": 0,
          "texture": "#0"
        },
        "down": {
          "uv": [
            8,
            2.0625,
            7.59375,
            2.125
          ],
          "tintindex": 0,
          "rotation": 0,
          "texture": "#0"
        }
      },
      "rotation": {
        "origin": [
          3.2571335,
          5.473198,
          5.0826483
        ],
        "angle": -45,
        "axis": "y"
      }
    },
    {
      "from": [
        -2.2954102,
        0.11819458,
        2.4920263
      ],
      "to": [
        8.099594,
        5.7881966,
        6.272026
      ],
      "faces": {
        "east": {
          "uv": [
            2.4375,
            4.40625,
            2.625,
            4.6875
          ],
          "tintindex": 0,
          "rotation": 0,
          "texture": "#0"
        },
        "south": {
          "uv": [
            5.625,
            1.5625,
            6.15625,
            1.84375
          ],
          "tintindex": 0,
          "rotation": 0,
          "texture": "#0"
        },
        "north": {
          "uv": [
            5.4375,
            4.875,
            5.96875,
            5.15625
          ],
          "tintindex": 0,
          "rotation": 0,
          "texture": "#0"
        },
        "west": {
          "uv": [
            7.96875,
            5.21875,
            8.15625,
            5.5
          ],
          "tintindex": 0,
          "rotation": 0,
          "texture": "#0"
        },
        "up": {
          "uv": [
            7.25,
            5.5,
            6.71875,
            5.3125
          ],
          "tintindex": 0,
          "rotation": 0,
          "texture": "#0"
        },
        "down": {
          "uv": [
            7.25,
            5.5,
            6.71875,
            5.6875
          ],
          "tintindex": 0,
          "rotation": 0,
          "texture": "#0"
        }
      },
      "rotation": {
        "origin": [
          -5.2879105,
          2.3231964,
          8.7920265
        ],
        "angle": -22.5,
        "axis": "y"
      }
    },
    {
      "from": [
        -6.665367,
        0.43319702,
        6.657648
      ],
      "to": [
        1.2096329,
        2.3231964,
        8.547649
      ],
      "faces": {
        "east": {
          "uv": [
            2.15625,
            7.8125,
            2.25,
            7.90625
          ],
          "tintindex": 0,
          "rotation": 0,
          "texture": "#0"
        },
        "south": {
          "uv": [
            8.40625,
            4.4375,
            8.8125,
            4.53125
          ],
          "tintindex": 0,
          "rotation": 0,
          "texture": "#0"
        },
        "north": {
          "uv": [
            8.40625,
            4.34375,
            8.8125,
            4.4375
          ],
          "tintindex": 0,
          "rotation": 0,
          "texture": "#0"
        },
        "west": {
          "uv": [
            7.875,
            2.3125,
            7.96875,
            2.40625
          ],
          "tintindex": 0,
          "rotation": 0,
          "texture": "#0"
        },
        "up": {
          "uv": [
            8.8125,
            4.625,
            8.40625,
            4.53125
          ],
          "tintindex": 0,
          "rotation": 0,
          "texture": "#0"
        },
        "down": {
          "uv": [
            8.8125,
            4.625,
            8.40625,
            4.71875
          ],
          "tintindex": 0,
          "rotation": 0,
          "texture": "#0"
        }
      },
      "rotation": {
        "origin": [
          3.2571335,
          5.473198,
          5.0826483
        ],
        "angle": 22.5,
        "axis": "z"
      }
    },
    {
      "from": [
        -6.980362,
        1.0631981,
        5.7126484
      ],
      "to": [
        0.89463806,
        2.9531975,
        7.602648
      ],
      "faces": {
        "east": {
          "uv": [
            6.75,
            7.9375,
            6.84375,
            8.03125
          ],
          "tintindex": 0,
          "rotation": 0,
          "texture": "#0"
        },
        "south": {
          "uv": [
            8.40625,
            5.46875,
            8.8125,
            5.5625
          ],
          "tintindex": 0,
          "rotation": 0,
          "texture": "#0"
        },
        "north": {
          "uv": [
            8.40625,
            5.375,
            8.8125,
            5.46875
          ],
          "tintindex": 0,
          "rotation": 0,
          "texture": "#0"
        },
        "west": {
          "uv": [
            7.96875,
            0.4375,
            8.0625,
            0.53125
          ],
          "tintindex": 0,
          "rotation": 0,
          "texture": "#0"
        },
        "up": {
          "uv": [
            8.8125,
            5.65625,
            8.40625,
            5.5625
          ],
          "tintindex": 0,
          "rotation": 0,
          "texture": "#0"
        },
        "down": {
          "uv": [
            8.8125,
            5.65625,
            8.40625,
            5.75
          ],
          "tintindex": 0,
          "rotation": 0,
          "texture": "#0"
        }
      }
    },
    {
      "from": [
        -6.980362,
        4.5281982,
        5.7126484
      ],
      "to": [
        0.89463806,
        6.4181976,
        7.602648
      ],
      "faces": {
        "east": {
          "uv": [
            7.65625,
            4.78125,
            7.75,
            4.875
          ],
          "tintindex": 0,
          "rotation": 0,
          "texture": "#0"
        },
        "south": {
          "uv": [
            8.375,
            5.28125,
            8.78125,
            5.375
          ],
          "tintindex": 0,
          "rotation": 0,
          "texture": "#0"
        },
        "north": {
          "uv": [
            8.34375,
            4.25,
            8.75,
            4.34375
          ],
          "tintindex": 0,
          "rotation": 0,
          "texture": "#0"
        },
        "west": {
          "uv": [
            7.75,
            4.78125,
            7.84375,
            4.875
          ],
          "tintindex": 0,
          "rotation": 0,
          "texture": "#0"
        },
        "up": {
          "uv": [
            8.78125,
            7.0625,
            8.375,
            6.96875
          ],
          "tintindex": 0,
          "rotation": 0,
          "texture": "#0"
        },
        "down": {
          "uv": [
            8.8125,
            2.4375,
            8.40625,
            2.53125
          ],
          "tintindex": 0,
          "rotation": 0,
          "texture": "#0"
        }
      }
    },
    {
      "from": [
        -5.2460785,
        8.513439,
        6.657648
      ],
      "to": [
        1.0539246,
        10.088436,
        8.232649
      ],
      "faces": {
        "east": {
          "uv": [
            6.125,
            7.90625,
            6.21875,
            8
          ],
          "tintindex": 0,
          "rotation": 0,
          "texture": "#0"
        },
        "south": {
          "uv": [
            8.59375,
            2.53125,
            8.9375,
            2.625
          ],
          "tintindex": 0,
          "rotation": 0,
          "texture": "#0"
        },
        "north": {
          "uv": [
            4.75,
            4.5625,
            5.09375,
            4.65625
          ],
          "tintindex": 0,
          "rotation": 0,
          "texture": "#0"
        },
        "west": {
          "uv": [
            7.9375,
            1.75,
            8.03125,
            1.84375
          ],
          "tintindex": 0,
          "rotation": 0,
          "texture": "#0"
        },
        "up": {
          "uv": [
            8.9375,
            2.71875,
            8.59375,
            2.625
          ],
          "tintindex": 0,
          "rotation": 0,
          "texture": "#0"
        },
        "down": {
          "uv": [
            8.9375,
            2.71875,
            8.59375,
            2.8125
          ],
          "tintindex": 0,
          "rotation": 0,
          "texture": "#0"
        }
      },
      "rotation": {
        "origin": [
          -2.8835754,
          10.403439,
          9.177649
        ],
        "angle": -22.5,
        "axis": "y"
      }
    }
  ],
  "display": {
    "head": {
      "rotation": [
        0,
        0,
        0
      ]
    },
    "firstperson_righthand": {
      "rotation": [
        0,
        0,
        0
      ]
    },
    "thirdperson_lefthand": {
      "rotation": [
        0,
        0,
        0
      ]
    },
    "firstperson_lefthand": {
      "rotation": [
        0,
        0,
        0
      ]
    },
    "fixed": {
      "rotation": [
        0,
        0,
        0
      ]
    },
    "ground": {
      "rotation": [
        0,
        0,
        0
      ]
    },
    "thirdperson_righthand": {
      "rotation": [
        0,
        0,
        0
      ]
    },
    "gui": {
      "rotation": [
        -150,
        -45,
        180
      ]
    }
  }
}