{
  "textures": {
    "0": "modelengine:entity/toro_wither",
    "particle": "#0"
  },
  "elements": [
    {
      "from": [
        -10.348024,
        4.887501,
        6.959445
      ],
      "to": [
        -0.7405262,
        5.8325005,
        7.9044447
      ],
      "faces": {
        "east": {
          "uv": [
            7.5625,
            5.25,
            7.65625,
            5.34375
          ],
          "tintindex": 0,
          "rotation": 0,
          "texture": "#0"
        },
        "south": {
          "uv": [
            7.03125,
            2.40625,
            8.03125,
            2.5
          ],
          "tintindex": 0,
          "rotation": 0,
          "texture": "#0"
        },
        "north": {
          "uv": [
            3.53125,
            1.125,
            4.53125,
            1.21875
          ],
          "tintindex": 0,
          "rotation": 0,
          "texture": "#0"
        },
        "west": {
          "uv": [
            0.59375,
            7.59375,
            0.6875,
            7.6875
          ],
          "tintindex": 0,
          "rotation": 0,
          "texture": "#0"
        },
        "up": {
          "uv": [
            8.09375,
            0.625,
            7.09375,
            0.53125
          ],
          "tintindex": 0,
          "rotation": 0,
          "texture": "#0"
        },
        "down": {
          "uv": [
            8.15625,
            2.125,
            7.15625,
            2.21875
          ],
          "tintindex": 0,
          "rotation": 0,
          "texture": "#0"
        }
      }
    },
    {
      "from": [
        -8.300524,
        5.5175,
        6.1719446
      ],
      "to": [
        8.079475,
        6.4625015,
        7.589444
      ],
      "faces": {
        "east": {
          "uv": [
            1.125,
            1.96875,
            1.28125,
            2.0625
          ],
          "tintindex": 0,
          "rotation": 0,
          "texture": "#0"
        },
        "south": {
          "uv": [
            5.375,
            0.5625,
            7.09375,
            0.65625
          ],
          "tintindex": 0,
          "rotation": 0,
          "texture": "#0"
        },
        "north": {
          "uv": [
            5.3125,
            2.40625,
            7.03125,
            2.5
          ],
          "tintindex": 0,
          "rotation": 0,
          "texture": "#0"
        },
        "west": {
          "uv": [
            4.71875,
            3.03125,
            4.875,
            3.125
          ],
          "tintindex": 0,
          "rotation": 0,
          "texture": "#0"
        },
        "up": {
          "uv": [
            4.75,
            1.78125,
            3.03125,
            1.625
          ],
          "tintindex": 0,
          "rotation": 0,
          "texture": "#0"
        },
        "down": {
          "uv": [
            4.75,
            1.78125,
            3.03125,
            1.9375
          ],
          "tintindex": 0,
          "rotation": 0,
          "texture": "#0"
        }
      }
    },
    {
      "from": [
        5.559475,
        4.4675007,
        7.431945
      ],
      "to": [
        9.969475,
        6.2525005,
        8.744445
      ],
      "faces": {
        "east": {
          "uv": [
            1.90625,
            8.75,
            2.03125,
            8.9375
          ],
          "tintindex": 0,
          "rotation": 0,
          "texture": "#0"
        },
        "south": {
          "uv": [
            7.34375,
            6.09375,
            7.8125,
            6.28125
          ],
          "tintindex": 0,
          "rotation": 0,
          "texture": "#0"
        },
        "north": {
          "uv": [
            7.34375,
            5.90625,
            7.8125,
            6.09375
          ],
          "tintindex": 0,
          "rotation": 0,
          "texture": "#0"
        },
        "west": {
          "uv": [
            8.75,
            2.0625,
            8.875,
            2.25
          ],
          "tintindex": 0,
          "rotation": 0,
          "texture": "#0"
        },
        "up": {
          "uv": [
            8.34375,
            7.625,
            7.875,
            7.5
          ],
          "tintindex": 0,
          "rotation": 0,
          "texture": "#0"
        },
        "down": {
          "uv": [
            2.625,
            7.90625,
            2.15625,
            8.03125
          ],
          "tintindex": 0,
          "rotation": 0,
          "texture": "#0"
        }
      }
    },
    {
      "from": [
        2.5669765,
        4.887501,
        8.271945
      ],
      "to": [
        6.9769745,
        5.8325005,
        9.899445
      ],
      "faces": {
        "east": {
          "uv": [
            5.9375,
            3.5,
            6.09375,
            3.59375
          ],
          "tintindex": 0,
          "rotation": 0,
          "texture": "#0"
        },
        "south": {
          "uv": [
            8.34375,
            3,
            8.8125,
            3.09375
          ],
          "tintindex": 0,
          "rotation": 0,
          "texture": "#0"
        },
        "north": {
          "uv": [
            8.3125,
            8.09375,
            8.78125,
            8.1875
          ],
          "tintindex": 0,
          "rotation": 0,
          "texture": "#0"
        },
        "west": {
          "uv": [
            5.9375,
            4.125,
            6.09375,
            4.21875
          ],
          "tintindex": 0,
          "rotation": 0,
          "texture": "#0"
        },
        "up": {
          "uv": [
            8,
            3.5,
            7.53125,
            3.34375
          ],
          "tintindex": 0,
          "rotation": 0,
          "texture": "#0"
        },
        "down": {
          "uv": [
            8.0625,
            3.5,
            7.59375,
            3.65625
          ],
          "tintindex": 0,
          "rotation": 0,
          "texture": "#0"
        }
      },
      "rotation": {
        "origin": [
          7.764475,
          5.3600006,
          9.715694
        ],
        "angle": -22.5,
        "axis": "y"
      }
    },
    {
      "from": [
        -5.780527,
        4.2574997,
        6.8019447
      ],
      "to": [
        8.079475,
        5.2025013,
        8.219444
      ],
      "faces": {
        "east": {
          "uv": [
            5.78125,
            1.46875,
            5.9375,
            1.5625
          ],
          "tintindex": 0,
          "rotation": 0,
          "texture": "#0"
        },
        "south": {
          "uv": [
            5.875,
            2.3125,
            7.3125,
            2.40625
          ],
          "tintindex": 0,
          "rotation": 0,
          "texture": "#0"
        },
        "north": {
          "uv": [
            3.03125,
            1.9375,
            4.46875,
            2.03125
          ],
          "tintindex": 0,
          "rotation": 0,
          "texture": "#0"
        },
        "west": {
          "uv": [
            5.9375,
            1.46875,
            6.09375,
            1.5625
          ],
          "tintindex": 0,
          "rotation": 0,
          "texture": "#0"
        },
        "up": {
          "uv": [
            5.9375,
            4.21875,
            4.5,
            4.0625
          ],
          "tintindex": 0,
          "rotation": 0,
          "texture": "#0"
        },
        "down": {
          "uv": [
            6,
            2.5625,
            4.5625,
            2.71875
          ],
          "tintindex": 0,
          "rotation": 0,
          "texture": "#0"
        }
      }
    }
  ],
  "display": {
    "head": {
      "rotation": [
        0,
        0,
        0
      ]
    },
    "firstperson_righthand": {
      "rotation": [
        0,
        0,
        0
      ]
    },
    "thirdperson_lefthand": {
      "rotation": [
        0,
        0,
        0
      ]
    },
    "firstperson_lefthand": {
      "rotation": [
        0,
        0,
        0
      ]
    },
    "fixed": {
      "rotation": [
        0,
        0,
        0
      ]
    },
    "ground": {
      "rotation": [
        0,
        0,
        0
      ]
    },
    "thirdperson_righthand": {
      "rotation": [
        0,
        0,
        0
      ]
    },
    "gui": {
      "rotation": [
        -150,
        -45,
        180
      ]
    }
  }
}