{
  "textures": {
    "0": "modelengine:entity/toro_wither",
    "particle": "#0"
  },
  "elements": [
    {
      "from": [
        5.06,
        0.8599992,
        0.2999997
      ],
      "to": [
        9.12,
        2.3999987,
        2.12
      ],
      "faces": {
        "east": {
          "uv": [
            8.90625,
            3.9375,
            8.75,
            4.0625
          ],
          "tintindex": 0,
          "rotation": 0,
          "texture": "#0"
        },
        "south": {
          "uv": [
            0.53125,
            8.40625,
            0.21875,
            8.53125
          ],
          "tintindex": 0,
          "rotation": 0,
          "texture": "#0"
        },
        "north": {
          "uv": [
            1.375,
            4.59375,
            1.0625,
            4.71875
          ],
          "tintindex": 0,
          "rotation": 0,
          "texture": "#0"
        },
        "west": {
          "uv": [
            6.125,
            5.0625,
            5.96875,
            5.1875
          ],
          "tintindex": 0,
          "rotation": 0,
          "texture": "#0"
        },
        "up": {
          "uv": [
            6.71875,
            5.84375,
            7.03125,
            5.6875
          ],
          "tintindex": 0,
          "rotation": 0,
          "texture": "#0"
        },
        "down": {
          "uv": [
            7.96875,
            4.5625,
            8.28125,
            4.71875
          ],
          "tintindex": 0,
          "rotation": 0,
          "texture": "#0"
        }
      },
      "rotation": {
        "origin": [
          8.84,
          0.99999857,
          1
        ],
        "angle": -22.5,
        "axis": "z"
      }
    },
    {
      "from": [
        8.56,
        -3.8933334,
        -0.12000084
      ],
      "to": [
        12.06,
        -1.793334,
        1.98
      ],
      "faces": {
        "east": {
          "uv": [
            8.5625,
            8.65625,
            8.40625,
            8.8125
          ],
          "tintindex": 0,
          "rotation": 0,
          "texture": "#0"
        },
        "south": {
          "uv": [
            8.5625,
            0,
            8.28125,
            0.15625
          ],
          "tintindex": 0,
          "rotation": 0,
          "texture": "#0"
        },
        "north": {
          "uv": [
            8.46875,
            7.0625,
            8.1875,
            7.21875
          ],
          "tintindex": 0,
          "rotation": 0,
          "texture": "#0"
        },
        "west": {
          "uv": [
            8.09375,
            8.65625,
            7.9375,
            8.8125
          ],
          "tintindex": 0,
          "rotation": 0,
          "texture": "#0"
        },
        "up": {
          "uv": [
            8.28125,
            6.125,
            8.5625,
            5.96875
          ],
          "tintindex": 0,
          "rotation": 0,
          "texture": "#0"
        },
        "down": {
          "uv": [
            8.28125,
            6.125,
            8.5625,
            6.28125
          ],
          "tintindex": 0,
          "rotation": 0,
          "texture": "#0"
        }
      },
      "rotation": {
        "origin": [
          8.84,
          -3.333335,
          1
        ],
        "angle": -45,
        "axis": "y"
      }
    },
    {
      "from": [
        5.06,
        -3.4733343,
        0.2999997
      ],
      "to": [
        9.12,
        -1.9333344,
        2.12
      ],
      "faces": {
        "east": {
          "uv": [
            8.90625,
            3.9375,
            8.75,
            4.0625
          ],
          "tintindex": 0,
          "rotation": 0,
          "texture": "#0"
        },
        "south": {
          "uv": [
            0.53125,
            8.40625,
            0.21875,
            8.53125
          ],
          "tintindex": 0,
          "rotation": 0,
          "texture": "#0"
        },
        "north": {
          "uv": [
            1.375,
            4.59375,
            1.0625,
            4.71875
          ],
          "tintindex": 0,
          "rotation": 0,
          "texture": "#0"
        },
        "west": {
          "uv": [
            6.125,
            5.0625,
            5.96875,
            5.1875
          ],
          "tintindex": 0,
          "rotation": 0,
          "texture": "#0"
        },
        "up": {
          "uv": [
            6.71875,
            5.84375,
            7.03125,
            5.6875
          ],
          "tintindex": 0,
          "rotation": 0,
          "texture": "#0"
        },
        "down": {
          "uv": [
            7.96875,
            4.5625,
            8.28125,
            4.71875
          ],
          "tintindex": 0,
          "rotation": 0,
          "texture": "#0"
        }
      },
      "rotation": {
        "origin": [
          8.84,
          -3.333335,
          1
        ],
        "angle": -22.5,
        "axis": "z"
      }
    },
    {
      "from": [
        8,
        -0.960001,
        5.7599998
      ],
      "to": [
        11.92,
        2.959999,
        9.68
      ],
      "faces": {
        "east": {
          "uv": [
            4.4375,
            6.8125,
            4.125,
            7.125
          ],
          "tintindex": 0,
          "rotation": 0,
          "texture": "#0"
        },
        "south": {
          "uv": [
            6.90625,
            6.78125,
            6.59375,
            7.09375
          ],
          "tintindex": 0,
          "rotation": 0,
          "texture": "#0"
        },
        "north": {
          "uv": [
            1.75,
            6.6875,
            1.4375,
            7
          ],
          "tintindex": 0,
          "rotation": 0,
          "texture": "#0"
        },
        "west": {
          "uv": [
            7.0625,
            4.125,
            6.75,
            4.4375
          ],
          "tintindex": 0,
          "rotation": 0,
          "texture": "#0"
        },
        "up": {
          "uv": [
            5.6875,
            7.125,
            6,
            6.8125
          ],
          "tintindex": 0,
          "rotation": 0,
          "texture": "#0"
        },
        "down": {
          "uv": [
            0.78125,
            6.84375,
            1.09375,
            7.15625
          ],
          "tintindex": 0,
          "rotation": 0,
          "texture": "#0"
        }
      },
      "rotation": {
        "origin": [
          10.24,
          0.99999857,
          4.3599997
        ],
        "angle": -22.5,
        "axis": "y"
      }
    },
    {
      "from": [
        8.28,
        -5.4400015,
        6.3199997
      ],
      "to": [
        11.64,
        -0.960001,
        9.12
      ],
      "faces": {
        "east": {
          "uv": [
            1.9375,
            7.4375,
            1.71875,
            7.78125
          ],
          "tintindex": 0,
          "rotation": 0,
          "texture": "#0"
        },
        "south": {
          "uv": [
            0.9375,
            7.375,
            0.6875,
            7.71875
          ],
          "tintindex": 0,
          "rotation": 0,
          "texture": "#0"
        },
        "north": {
          "uv": [
            6.71875,
            7.3125,
            6.46875,
            7.65625
          ],
          "tintindex": 0,
          "rotation": 0,
          "texture": "#0"
        },
        "west": {
          "uv": [
            0.59375,
            7.40625,
            0.375,
            7.75
          ],
          "tintindex": 0,
          "rotation": 0,
          "texture": "#0"
        },
        "up": {
          "uv": [
            7.9375,
            7.21875,
            8.1875,
            7
          ],
          "tintindex": 0,
          "rotation": 0,
          "texture": "#0"
        },
        "down": {
          "uv": [
            1.78125,
            7.96875,
            2.03125,
            8.1875
          ],
          "tintindex": 0,
          "rotation": 0,
          "texture": "#0"
        }
      },
      "rotation": {
        "origin": [
          10.24,
          0.99999857,
          4.3599997
        ],
        "angle": -22.5,
        "axis": "y"
      }
    },
    {
      "from": [
        8.98,
        -9.920002,
        6.8799996
      ],
      "to": [
        10.940001,
        -5.4400015,
        8.56
      ],
      "faces": {
        "east": {
          "uv": [
            0.96875,
            8.34375,
            0.84375,
            8.6875
          ],
          "tintindex": 0,
          "rotation": 0,
          "texture": "#0"
        },
        "south": {
          "uv": [
            6.28125,
            8,
            6.125,
            8.34375
          ],
          "tintindex": 0,
          "rotation": 0,
          "texture": "#0"
        },
        "north": {
          "uv": [
            1,
            8,
            0.84375,
            8.34375
          ],
          "tintindex": 0,
          "rotation": 0,
          "texture": "#0"
        },
        "west": {
          "uv": [
            2.9375,
            8.3125,
            2.8125,
            8.65625
          ],
          "tintindex": 0,
          "rotation": 0,
          "texture": "#0"
        },
        "up": {
          "uv": [
            8.75,
            6.875,
            8.90625,
            6.75
          ],
          "tintindex": 0,
          "rotation": 0,
          "texture": "#0"
        },
        "down": {
          "uv": [
            8.75,
            7.59375,
            8.90625,
            7.71875
          ],
          "tintindex": 0,
          "rotation": 0,
          "texture": "#0"
        }
      },
      "rotation": {
        "origin": [
          10.24,
          0.99999857,
          4.3599997
        ],
        "angle": -22.5,
        "axis": "y"
      }
    },
    {
      "from": [
        8.56,
        -4.7333336,
        2.4
      ],
      "to": [
        11.360001,
        -1.9333344,
        7.44
      ],
      "faces": {
        "east": {
          "uv": [
            7.59375,
            4.4375,
            7.1875,
            4.65625
          ],
          "tintindex": 0,
          "rotation": 0,
          "texture": "#0"
        },
        "south": {
          "uv": [
            8.3125,
            8,
            8.09375,
            8.21875
          ],
          "tintindex": 0,
          "rotation": 0,
          "texture": "#0"
        },
        "north": {
          "uv": [
            8.3125,
            7.78125,
            8.09375,
            8
          ],
          "tintindex": 0,
          "rotation": 0,
          "texture": "#0"
        },
        "west": {
          "uv": [
            7.59375,
            3.5,
            7.1875,
            3.71875
          ],
          "tintindex": 0,
          "rotation": 0,
          "texture": "#0"
        },
        "up": {
          "uv": [
            1.71875,
            7.4375,
            1.9375,
            7.03125
          ],
          "tintindex": 0,
          "rotation": 0,
          "texture": "#0"
        },
        "down": {
          "uv": [
            1.125,
            7.15625,
            1.34375,
            7.5625
          ],
          "tintindex": 0,
          "rotation": 0,
          "texture": "#0"
        }
      },
      "rotation": {
        "origin": [
          10.24,
          -3.333335,
          4.3599997
        ],
        "angle": -22.5,
        "axis": "y"
      }
    },
    {
      "from": [
        8.56,
        -0.40000057,
        2.4
      ],
      "to": [
        11.360001,
        2.3999987,
        7.44
      ],
      "faces": {
        "east": {
          "uv": [
            7.59375,
            4.4375,
            7.1875,
            4.65625
          ],
          "tintindex": 0,
          "rotation": 0,
          "texture": "#0"
        },
        "south": {
          "uv": [
            8.3125,
            8,
            8.09375,
            8.21875
          ],
          "tintindex": 0,
          "rotation": 0,
          "texture": "#0"
        },
        "north": {
          "uv": [
            8.3125,
            7.78125,
            8.09375,
            8
          ],
          "tintindex": 0,
          "rotation": 0,
          "texture": "#0"
        },
        "west": {
          "uv": [
            7.59375,
            3.5,
            7.1875,
            3.71875
          ],
          "tintindex": 0,
          "rotation": 0,
          "texture": "#0"
        },
        "up": {
          "uv": [
            1.71875,
            7.4375,
            1.9375,
            7.03125
          ],
          "tintindex": 0,
          "rotation": 0,
          "texture": "#0"
        },
        "down": {
          "uv": [
            1.125,
            7.15625,
            1.34375,
            7.5625
          ],
          "tintindex": 0,
          "rotation": 0,
          "texture": "#0"
        }
      },
      "rotation": {
        "origin": [
          10.24,
          0.99999857,
          4.3599997
        ],
        "angle": -22.5,
        "axis": "y"
      }
    },
    {
      "from": [
        8.56,
        0.43999958,
        -0.12000084
      ],
      "to": [
        12.06,
        2.5399995,
        1.98
      ],
      "faces": {
        "east": {
          "uv": [
            8.5625,
            8.65625,
            8.40625,
            8.8125
          ],
          "tintindex": 0,
          "rotation": 0,
          "texture": "#0"
        },
        "south": {
          "uv": [
            8.5625,
            0,
            8.28125,
            0.15625
          ],
          "tintindex": 0,
          "rotation": 0,
          "texture": "#0"
        },
        "north": {
          "uv": [
            8.46875,
            7.0625,
            8.1875,
            7.21875
          ],
          "tintindex": 0,
          "rotation": 0,
          "texture": "#0"
        },
        "west": {
          "uv": [
            8.09375,
            8.65625,
            7.9375,
            8.8125
          ],
          "tintindex": 0,
          "rotation": 0,
          "texture": "#0"
        },
        "up": {
          "uv": [
            8.28125,
            6.125,
            8.5625,
            5.96875
          ],
          "tintindex": 0,
          "rotation": 0,
          "texture": "#0"
        },
        "down": {
          "uv": [
            8.28125,
            6.125,
            8.5625,
            6.28125
          ],
          "tintindex": 0,
          "rotation": 0,
          "texture": "#0"
        }
      },
      "rotation": {
        "origin": [
          8.84,
          0.99999857,
          1
        ],
        "angle": -45,
        "axis": "y"
      }
    }
  ],
  "display": {
    "head": {
      "rotation": [
        0,
        0,
        0
      ]
    },
    "firstperson_righthand": {
      "rotation": [
        0,
        0,
        0
      ]
    },
    "thirdperson_lefthand": {
      "rotation": [
        0,
        0,
        0
      ]
    },
    "firstperson_lefthand": {
      "rotation": [
        0,
        0,
        0
      ]
    },
    "fixed": {
      "rotation": [
        0,
        0,
        0
      ]
    },
    "ground": {
      "rotation": [
        0,
        0,
        0
      ]
    },
    "thirdperson_righthand": {
      "rotation": [
        0,
        0,
        0
      ]
    },
    "gui": {
      "rotation": [
        -150,
        -45,
        180
      ]
    }
  }
}