{
  "textures": {
    "0": "modelengine:entity/toro_wither",
    "particle": "#0"
  },
  "elements": [
    {
      "from": [
        19.080778,
        10.57706,
        6.88
      ],
      "to": [
        21.096777,
        16.62506,
        9.344001
      ],
      "faces": {
        "east": {
          "uv": [
            7.0625,
            7.28125,
            6.875,
            7.75
          ],
          "tintindex": 0,
          "rotation": 0,
          "texture": "#0"
        },
        "south": {
          "uv": [
            7.78125,
            2.5,
            7.625,
            2.96875
          ],
          "tintindex": 0,
          "rotation": 0,
          "texture": "#0"
        },
        "north": {
          "uv": [
            5.1875,
            7.59375,
            5.03125,
            8.0625
          ],
          "tintindex": 0,
          "rotation": 0,
          "texture": "#0"
        },
        "west": {
          "uv": [
            7.46875,
            4.875,
            7.28125,
            5.34375
          ],
          "tintindex": 0,
          "rotation": 0,
          "texture": "#0"
        },
        "up": {
          "uv": [
            6.25,
            7.875,
            6.40625,
            7.6875
          ],
          "tintindex": 0,
          "rotation": 0,
          "texture": "#0"
        },
        "down": {
          "uv": [
            1.78125,
            7.78125,
            1.9375,
            7.96875
          ],
          "tintindex": 0,
          "rotation": 0,
          "texture": "#0"
        }
      },
      "rotation": {
        "origin": [
          22.216778,
          12.81706,
          8.112
        ],
        "angle": -22.5,
        "axis": "z"
      }
    },
    {
      "from": [
        21.768776,
        12.593059,
        8
      ],
      "to": [
        23.784779,
        16.84906,
        10.464001
      ],
      "faces": {
        "east": {
          "uv": [
            4.21875,
            7.71875,
            4.03125,
            8.0625
          ],
          "tintindex": 0,
          "rotation": 0,
          "texture": "#0"
        },
        "south": {
          "uv": [
            7.3125,
            8,
            7.15625,
            8.34375
          ],
          "tintindex": 0,
          "rotation": 0,
          "texture": "#0"
        },
        "north": {
          "uv": [
            6.75,
            8,
            6.59375,
            8.34375
          ],
          "tintindex": 0,
          "rotation": 0,
          "texture": "#0"
        },
        "west": {
          "uv": [
            7.40625,
            7.65625,
            7.21875,
            8
          ],
          "tintindex": 0,
          "rotation": 0,
          "texture": "#0"
        },
        "up": {
          "uv": [
            8.59375,
            5.15625,
            8.75,
            4.96875
          ],
          "tintindex": 0,
          "rotation": 0,
          "texture": "#0"
        },
        "down": {
          "uv": [
            8.59375,
            6.25,
            8.75,
            6.4375
          ],
          "tintindex": 0,
          "rotation": 0,
          "texture": "#0"
        }
      },
      "rotation": {
        "origin": [
          22.216778,
          12.81706,
          8.112
        ],
        "angle": -22.5,
        "axis": "z"
      }
    },
    {
      "from": [
        15.952001,
        8.712001,
        6.656
      ],
      "to": [
        24.015999,
        11.400002,
        9.568
      ],
      "faces": {
        "east": {
          "uv": [
            8.40625,
            1.6875,
            8.1875,
            1.90625
          ],
          "tintindex": 0,
          "rotation": 0,
          "texture": "#0"
        },
        "south": {
          "uv": [
            6.71875,
            1.09375,
            6.09375,
            1.3125
          ],
          "tintindex": 0,
          "rotation": 0,
          "texture": "#0"
        },
        "north": {
          "uv": [
            6.71875,
            0.875,
            6.09375,
            1.09375
          ],
          "tintindex": 0,
          "rotation": 0,
          "texture": "#0"
        },
        "west": {
          "uv": [
            0.65625,
            8.1875,
            0.4375,
            8.40625
          ],
          "tintindex": 0,
          "rotation": 0,
          "texture": "#0"
        },
        "up": {
          "uv": [
            6.09375,
            1.53125,
            6.71875,
            1.3125
          ],
          "tintindex": 0,
          "rotation": 0,
          "texture": "#0"
        },
        "down": {
          "uv": [
            6.09375,
            5.40625,
            6.71875,
            5.625
          ],
          "tintindex": 0,
          "rotation": 0,
          "texture": "#0"
        }
      },
      "rotation": {
        "origin": [
          15.952001,
          8.040001,
          8.112
        ],
        "angle": 22.5,
        "axis": "z"
      }
    },
    {
      "from": [
        6.0959997,
        4.6800003,
        4.4160004
      ],
      "to": [
        9.68,
        11.848002,
        11.584001
      ],
      "faces": {
        "east": {
          "uv": [
            1.125,
            3.125,
            0.5625,
            3.6875
          ],
          "tintindex": 0,
          "rotation": 0,
          "texture": "#0"
        },
        "south": {
          "uv": [
            2.71875,
            5.5,
            2.4375,
            6.0625
          ],
          "tintindex": 0,
          "rotation": 0,
          "texture": "#0"
        },
        "north": {
          "uv": [
            5.78125,
            1,
            5.5,
            1.5625
          ],
          "tintindex": 0,
          "rotation": 0,
          "texture": "#0"
        },
        "west": {
          "uv": [
            0.5625,
            3.125,
            0,
            3.6875
          ],
          "tintindex": 0,
          "rotation": 0,
          "texture": "#0"
        },
        "up": {
          "uv": [
            5.5,
            5.96875,
            5.78125,
            5.40625
          ],
          "tintindex": 0,
          "rotation": 0,
          "texture": "#0"
        },
        "down": {
          "uv": [
            2.71875,
            5.5625,
            3,
            6.125
          ],
          "tintindex": 0,
          "rotation": 0,
          "texture": "#0"
        }
      }
    },
    {
      "from": [
        7.888,
        7.816002,
        5.76
      ],
      "to": [
        15.952001,
        12.2960005,
        10.464001
      ],
      "faces": {
        "east": {
          "uv": [
            6.53125,
            1.53125,
            6.15625,
            1.875
          ],
          "tintindex": 0,
          "rotation": 0,
          "texture": "#0"
        },
        "south": {
          "uv": [
            5.375,
            4.21875,
            4.75,
            4.5625
          ],
          "tintindex": 0,
          "rotation": 0,
          "texture": "#0"
        },
        "north": {
          "uv": [
            3.0625,
            4.71875,
            2.4375,
            5.0625
          ],
          "tintindex": 0,
          "rotation": 0,
          "texture": "#0"
        },
        "west": {
          "uv": [
            6.5,
            5.0625,
            6.125,
            5.40625
          ],
          "tintindex": 0,
          "rotation": 0,
          "texture": "#0"
        },
        "up": {
          "uv": [
            4,
            0.75,
            4.625,
            0.375
          ],
          "tintindex": 0,
          "rotation": 0,
          "texture": "#0"
        },
        "down": {
          "uv": [
            4,
            0.75,
            4.625,
            1.125
          ],
          "tintindex": 0,
          "rotation": 0,
          "texture": "#0"
        }
      },
      "rotation": {
        "origin": [
          15.952001,
          8.040001,
          8.112
        ],
        "angle": 22.5,
        "axis": "z"
      }
    },
    {
      "from": [
        22.930317,
        15.545009,
        8.224
      ],
      "to": [
        24.946316,
        19.801008,
        10.240001
      ],
      "faces": {
        "east": {
          "uv": [
            8.1875,
            1.75,
            8.03125,
            2.09375
          ],
          "tintindex": 0,
          "rotation": 0,
          "texture": "#0"
        },
        "south": {
          "uv": [
            1.75,
            8.03125,
            1.59375,
            8.375
          ],
          "tintindex": 0,
          "rotation": 0,
          "texture": "#0"
        },
        "north": {
          "uv": [
            1.4375,
            8.03125,
            1.28125,
            8.375
          ],
          "tintindex": 0,
          "rotation": 0,
          "texture": "#0"
        },
        "west": {
          "uv": [
            1.59375,
            8.03125,
            1.4375,
            8.375
          ],
          "tintindex": 0,
          "rotation": 0,
          "texture": "#0"
        },
        "up": {
          "uv": [
            4.6875,
            8.84375,
            4.84375,
            8.6875
          ],
          "tintindex": 0,
          "rotation": 0,
          "texture": "#0"
        },
        "down": {
          "uv": [
            5.875,
            8.6875,
            6.03125,
            8.84375
          ],
          "tintindex": 0,
          "rotation": 0,
          "texture": "#0"
        }
      }
    },
    {
      "from": [
        20.698051,
        6.2850847,
        7.1040006
      ],
      "to": [
        23.386053,
        13.453087,
        9.12
      ],
      "faces": {
        "east": {
          "uv": [
            2.3125,
            7.25,
            2.15625,
            7.8125
          ],
          "tintindex": 0,
          "rotation": 0,
          "texture": "#0"
        },
        "south": {
          "uv": [
            6.375,
            6.53125,
            6.15625,
            7.09375
          ],
          "tintindex": 0,
          "rotation": 0,
          "texture": "#0"
        },
        "north": {
          "uv": [
            6.75,
            4.125,
            6.53125,
            4.6875
          ],
          "tintindex": 0,
          "rotation": 0,
          "texture": "#0"
        },
        "west": {
          "uv": [
            0.375,
            7.1875,
            0.21875,
            7.75
          ],
          "tintindex": 0,
          "rotation": 0,
          "texture": "#0"
        },
        "up": {
          "uv": [
            7.375,
            4.4375,
            7.59375,
            4.28125
          ],
          "tintindex": 0,
          "rotation": 0,
          "texture": "#0"
        },
        "down": {
          "uv": [
            8.5625,
            0,
            8.78125,
            0.15625
          ],
          "tintindex": 0,
          "rotation": 0,
          "texture": "#0"
        }
      }
    }
  ],
  "display": {
    "head": {
      "rotation": [
        0,
        0,
        0
      ]
    },
    "firstperson_righthand": {
      "rotation": [
        0,
        0,
        0
      ]
    },
    "thirdperson_lefthand": {
      "rotation": [
        0,
        0,
        0
      ]
    },
    "firstperson_lefthand": {
      "rotation": [
        0,
        0,
        0
      ]
    },
    "fixed": {
      "rotation": [
        0,
        0,
        0
      ]
    },
    "ground": {
      "rotation": [
        0,
        0,
        0
      ]
    },
    "thirdperson_righthand": {
      "rotation": [
        0,
        0,
        0
      ]
    },
    "gui": {
      "rotation": [
        -150,
        -45,
        180
      ]
    }
  }
}