{
  "textures": {
    "0": "modelengine:entity/toro_wither",
    "particle": "#0"
  },
  "elements": [
    {
      "from": [
        8.8053665,
        6.7331963,
        8.232649
      ],
      "to": [
        16.680367,
        8.623196,
        10.122648
      ],
      "faces": {
        "east": {
          "uv": [
            3.21875,
            8.1875,
            3.3125,
            8.28125
          ],
          "tintindex": 0,
          "rotation": 0,
          "texture": "#0"
        },
        "south": {
          "uv": [
            8.4375,
            0.59375,
            8.84375,
            0.6875
          ],
          "tintindex": 0,
          "rotation": 0,
          "texture": "#0"
        },
        "north": {
          "uv": [
            8.40625,
            8.375,
            8.8125,
            8.46875
          ],
          "tintindex": 0,
          "rotation": 0,
          "texture": "#0"
        },
        "west": {
          "uv": [
            7.0625,
            8.21875,
            7.15625,
            8.3125
          ],
          "tintindex": 0,
          "rotation": 0,
          "texture": "#0"
        },
        "up": {
          "uv": [
            8.84375,
            0.78125,
            8.4375,
            0.6875
          ],
          "tintindex": 0,
          "rotation": 0,
          "texture": "#0"
        },
        "down": {
          "uv": [
            8.84375,
            0.78125,
            8.4375,
            0.875
          ],
          "tintindex": 0,
          "rotation": 0,
          "texture": "#0"
        }
      },
      "rotation": {
        "origin": [
          12.7428665,
          5.473198,
          6.657648
        ],
        "angle": 22.5,
        "axis": "z"
      }
    },
    {
      "from": [
        14.790367,
        0.43319702,
        6.657648
      ],
      "to": [
        22.665367,
        2.3231964,
        8.547649
      ],
      "faces": {
        "east": {
          "uv": [
            8,
            8.34375,
            8.09375,
            8.4375
          ],
          "tintindex": 0,
          "rotation": 0,
          "texture": "#0"
        },
        "south": {
          "uv": [
            8.4375,
            6.46875,
            8.84375,
            6.5625
          ],
          "tintindex": 0,
          "rotation": 0,
          "texture": "#0"
        },
        "north": {
          "uv": [
            8.4375,
            0.875,
            8.84375,
            0.96875
          ],
          "tintindex": 0,
          "rotation": 0,
          "texture": "#0"
        },
        "west": {
          "uv": [
            0.625,
            8.625,
            0.71875,
            8.71875
          ],
          "tintindex": 0,
          "rotation": 0,
          "texture": "#0"
        },
        "up": {
          "uv": [
            8.84375,
            6.65625,
            8.4375,
            6.5625
          ],
          "tintindex": 0,
          "rotation": 0,
          "texture": "#0"
        },
        "down": {
          "uv": [
            8.84375,
            6.65625,
            8.4375,
            6.75
          ],
          "tintindex": 0,
          "rotation": 0,
          "texture": "#0"
        }
      },
      "rotation": {
        "origin": [
          12.7428665,
          5.473198,
          5.0826483
        ],
        "angle": -22.5,
        "axis": "z"
      }
    },
    {
      "from": [
        15.105362,
        1.0631981,
        5.7126484
      ],
      "to": [
        22.980362,
        2.9531975,
        7.602648
      ],
      "faces": {
        "east": {
          "uv": [
            8.75,
            1.09375,
            8.84375,
            1.1875
          ],
          "tintindex": 0,
          "rotation": 0,
          "texture": "#0"
        },
        "south": {
          "uv": [
            8.46875,
            7.15625,
            8.875,
            7.25
          ],
          "tintindex": 0,
          "rotation": 0,
          "texture": "#0"
        },
        "north": {
          "uv": [
            8.46875,
            7.0625,
            8.875,
            7.15625
          ],
          "tintindex": 0,
          "rotation": 0,
          "texture": "#0"
        },
        "west": {
          "uv": [
            8.75,
            6.375,
            8.84375,
            6.46875
          ],
          "tintindex": 0,
          "rotation": 0,
          "texture": "#0"
        },
        "up": {
          "uv": [
            8.875,
            7.34375,
            8.46875,
            7.25
          ],
          "tintindex": 0,
          "rotation": 0,
          "texture": "#0"
        },
        "down": {
          "uv": [
            8.875,
            7.34375,
            8.46875,
            7.4375
          ],
          "tintindex": 0,
          "rotation": 0,
          "texture": "#0"
        }
      }
    },
    {
      "from": [
        7.900406,
        0.11819458,
        2.4920263
      ],
      "to": [
        18.29541,
        5.7881966,
        6.272026
      ],
      "faces": {
        "east": {
          "uv": [
            8.03125,
            1.1875,
            8.21875,
            1.46875
          ],
          "tintindex": 0,
          "rotation": 0,
          "texture": "#0"
        },
        "south": {
          "uv": [
            5.6875,
            3,
            6.21875,
            3.28125
          ],
          "tintindex": 0,
          "rotation": 0,
          "texture": "#0"
        },
        "north": {
          "uv": [
            5.6875,
            2.71875,
            6.21875,
            3
          ],
          "tintindex": 0,
          "rotation": 0,
          "texture": "#0"
        },
        "west": {
          "uv": [
            2.8125,
            8.03125,
            3,
            8.3125
          ],
          "tintindex": 0,
          "rotation": 0,
          "texture": "#0"
        },
        "up": {
          "uv": [
            7.28125,
            1.71875,
            6.75,
            1.53125
          ],
          "tintindex": 0,
          "rotation": 0,
          "texture": "#0"
        },
        "down": {
          "uv": [
            7.28125,
            1.71875,
            6.75,
            1.90625
          ],
          "tintindex": 0,
          "rotation": 0,
          "texture": "#0"
        }
      },
      "rotation": {
        "origin": [
          21.28791,
          2.3231964,
          8.7920265
        ],
        "angle": 22.5,
        "axis": "y"
      }
    },
    {
      "from": [
        20.145363,
        4.843197,
        6.657648
      ],
      "to": [
        31.170364,
        6.103195,
        8.232649
      ],
      "faces": {
        "east": {
          "uv": [
            5.03125,
            5.125,
            5.125,
            5.1875
          ],
          "tintindex": 0,
          "rotation": 0,
          "texture": "#0"
        },
        "south": {
          "uv": [
            5.3125,
            2.5,
            5.875,
            2.5625
          ],
          "tintindex": 0,
          "rotation": 0,
          "texture": "#0"
        },
        "north": {
          "uv": [
            4.75,
            1.875,
            5.3125,
            1.9375
          ],
          "tintindex": 0,
          "rotation": 0,
          "texture": "#0"
        },
        "west": {
          "uv": [
            5.5,
            1.5625,
            5.59375,
            1.625
          ],
          "tintindex": 0,
          "rotation": 0,
          "texture": "#0"
        },
        "up": {
          "uv": [
            7.875,
            2.40625,
            7.3125,
            2.3125
          ],
          "tintindex": 0,
          "rotation": 0,
          "texture": "#0"
        },
        "down": {
          "uv": [
            8.53125,
            0.34375,
            7.96875,
            0.4375
          ],
          "tintindex": 0,
          "rotation": 0,
          "texture": "#0"
        }
      },
      "rotation": {
        "origin": [
          20.302864,
          5.473198,
          4.7676487
        ],
        "angle": 45,
        "axis": "y"
      }
    },
    {
      "from": [
        15.105362,
        4.5281982,
        5.7126484
      ],
      "to": [
        22.980362,
        6.4181976,
        7.602648
      ],
      "faces": {
        "east": {
          "uv": [
            0.21875,
            8.09375,
            0.3125,
            8.1875
          ],
          "tintindex": 0,
          "rotation": 0,
          "texture": "#0"
        },
        "south": {
          "uv": [
            8.40625,
            5.84375,
            8.8125,
            5.9375
          ],
          "tintindex": 0,
          "rotation": 0,
          "texture": "#0"
        },
        "north": {
          "uv": [
            8.40625,
            5.75,
            8.8125,
            5.84375
          ],
          "tintindex": 0,
          "rotation": 0,
          "texture": "#0"
        },
        "west": {
          "uv": [
            0.3125,
            8.09375,
            0.40625,
            8.1875
          ],
          "tintindex": 0,
          "rotation": 0,
          "texture": "#0"
        },
        "up": {
          "uv": [
            8.8125,
            8.28125,
            8.40625,
            8.1875
          ],
          "tintindex": 0,
          "rotation": 0,
          "texture": "#0"
        },
        "down": {
          "uv": [
            8.8125,
            8.28125,
            8.40625,
            8.375
          ],
          "tintindex": 0,
          "rotation": 0,
          "texture": "#0"
        }
      }
    },
    {
      "from": [
        16.050362,
        -2.7168045,
        11.382648
      ],
      "to": [
        23.610367,
        -1.4568024,
        12.327648
      ],
      "faces": {
        "east": {
          "uv": [
            5.375,
            4.5,
            5.4375,
            4.5625
          ],
          "tintindex": 0,
          "rotation": 0,
          "texture": "#0"
        },
        "south": {
          "uv": [
            8.625,
            0.4375,
            9.03125,
            0.5
          ],
          "tintindex": 0,
          "rotation": 0,
          "texture": "#0"
        },
        "north": {
          "uv": [
            8.59375,
            8,
            9,
            8.0625
          ],
          "tintindex": 0,
          "rotation": 0,
          "texture": "#0"
        },
        "west": {
          "uv": [
            4.75,
            5.75,
            4.8125,
            5.8125
          ],
          "tintindex": 0,
          "rotation": 0,
          "texture": "#0"
        },
        "up": {
          "uv": [
            9.03125,
            0.5625,
            8.625,
            0.5
          ],
          "tintindex": 0,
          "rotation": 0,
          "texture": "#0"
        },
        "down": {
          "uv": [
            9.03125,
            2.8125,
            8.625,
            2.875
          ],
          "tintindex": 0,
          "rotation": 0,
          "texture": "#0"
        }
      },
      "rotation": {
        "origin": [
          12.7428665,
          5.473198,
          5.0826483
        ],
        "angle": 45,
        "axis": "y"
      }
    },
    {
      "from": [
        20.145363,
        1.3781967,
        6.657648
      ],
      "to": [
        29.910362,
        2.638195,
        8.232649
      ],
      "faces": {
        "east": {
          "uv": [
            2.71875,
            5.5,
            2.8125,
            5.5625
          ],
          "tintindex": 0,
          "rotation": 0,
          "texture": "#0"
        },
        "south": {
          "uv": [
            8.59375,
            4.90625,
            9.09375,
            4.96875
          ],
          "tintindex": 0,
          "rotation": 0,
          "texture": "#0"
        },
        "north": {
          "uv": [
            8.53125,
            0.375,
            9.03125,
            0.4375
          ],
          "tintindex": 0,
          "rotation": 0,
          "texture": "#0"
        },
        "west": {
          "uv": [
            2.8125,
            5.5,
            2.90625,
            5.5625
          ],
          "tintindex": 0,
          "rotation": 0,
          "texture": "#0"
        },
        "up": {
          "uv": [
            8.6875,
            2,
            8.1875,
            1.90625
          ],
          "tintindex": 0,
          "rotation": 0,
          "texture": "#0"
        },
        "down": {
          "uv": [
            8.6875,
            2,
            8.1875,
            2.09375
          ],
          "tintindex": 0,
          "rotation": 0,
          "texture": "#0"
        }
      },
      "rotation": {
        "origin": [
          20.302864,
          2.0081978,
          4.7676487
        ],
        "angle": 45,
        "axis": "y"
      }
    },
    {
      "from": [
        14.946075,
        8.513439,
        6.657648
      ],
      "to": [
        21.246078,
        10.088436,
        8.232649
      ],
      "faces": {
        "east": {
          "uv": [
            8.625,
            3.96875,
            8.71875,
            4.0625
          ],
          "tintindex": 0,
          "rotation": 0,
          "texture": "#0"
        },
        "south": {
          "uv": [
            8.59375,
            3.40625,
            8.9375,
            3.5
          ],
          "tintindex": 0,
          "rotation": 0,
          "texture": "#0"
        },
        "north": {
          "uv": [
            8.59375,
            3.3125,
            8.9375,
            3.40625
          ],
          "tintindex": 0,
          "rotation": 0,
          "texture": "#0"
        },
        "west": {
          "uv": [
            8.75,
            0.28125,
            8.84375,
            0.375
          ],
          "tintindex": 0,
          "rotation": 0,
          "texture": "#0"
        },
        "up": {
          "uv": [
            8.9375,
            4.8125,
            8.59375,
            4.71875
          ],
          "tintindex": 0,
          "rotation": 0,
          "texture": "#0"
        },
        "down": {
          "uv": [
            8.9375,
            4.8125,
            8.59375,
            4.90625
          ],
          "tintindex": 0,
          "rotation": 0,
          "texture": "#0"
        }
      },
      "rotation": {
        "origin": [
          18.883575,
          10.403439,
          9.177649
        ],
        "angle": 22.5,
        "axis": "y"
      }
    }
  ],
  "display": {
    "head": {
      "rotation": [
        0,
        0,
        0
      ]
    },
    "firstperson_righthand": {
      "rotation": [
        0,
        0,
        0
      ]
    },
    "thirdperson_lefthand": {
      "rotation": [
        0,
        0,
        0
      ]
    },
    "firstperson_lefthand": {
      "rotation": [
        0,
        0,
        0
      ]
    },
    "fixed": {
      "rotation": [
        0,
        0,
        0
      ]
    },
    "ground": {
      "rotation": [
        0,
        0,
        0
      ]
    },
    "thirdperson_righthand": {
      "rotation": [
        0,
        0,
        0
      ]
    },
    "gui": {
      "rotation": [
        -150,
        -45,
        180
      ]
    }
  }
}