{
  "minecraftlavachickenhyperpotionsone": {
    "sounds": [
      {
        "name": "records/minecraftlavachickenhyperpotionsone",
        "stream": true
      },
      {
        "name": "records/minecraftlavachickenhyperpotionsone",
        "stream": true
      }
    ]
  },
  "eyesnoselipstaeyangone": {
    "sounds": [
      {
        "name": "records/eyesnoselipstaeyangone",
        "stream": true
      }
    ]
  },
  "cgigucciremixone": {
    "sounds": [
      {
        "name": "records/cgigucciremixone",
        "stream": true
      }
    ]
  },
  "jackjnineseventhinliofficialmusicvideoone": {
    "sounds": [
      {
        "name": "records/jackjnineseventhinliofficialmusicvideoone",
        "stream": true
      }
    ]
  },
  "bcblingbcninhhominzyftnsxunhinhxmasewxtuncryone": {
    "sounds": [
      {
        "name": "records/bcblingbcninhhominzyftnsxunhinhxmasewxtuncryone",
        "stream": true
      }
    ]
  },
  "trnhhieuthuhaiprodbykewtiieone": {
    "sounds": [
      {
        "name": "records/trnhhieuthuhaiprodbykewtiieone",
        "stream": true
      }
    ]
  }
}