{
  "textures": {
    "1": "modelengine:entity/toro_wither_terror",
    "particle": "#1"
  },
  "elements": [
    {
      "from": [
        -5.9767838,
        6.848278,
        0.19056225
      ],
      "to": [
        22.583214,
        18.608276,
        11.9505625
      ],
      "faces": {
        "east": {
          "uv": [
            4.34375,
            10.53125,
            4.71875,
            10.90625
          ],
          "tintindex": 0,
          "rotation": 0,
          "texture": "#1"
        },
        "south": {
          "uv": [
            8.09375,
            0.375,
            9,
            0.75
          ],
          "tintindex": 0,
          "rotation": 0,
          "texture": "#1"
        },
        "north": {
          "uv": [
            8.0625,
            7.8125,
            8.96875,
            8.1875
          ],
          "tintindex": 0,
          "rotation": 0,
          "texture": "#1"
        },
        "west": {
          "uv": [
            5.46875,
            10.53125,
            5.84375,
            10.90625
          ],
          "tintindex": 0,
          "rotation": 0,
          "texture": "#1"
        },
        "up": {
          "uv": [
            9,
            1.125,
            8.09375,
            0.75
          ],
          "tintindex": 0,
          "rotation": 0,
          "texture": "#1"
        },
        "down": {
          "uv": [
            9,
            6,
            8.09375,
            6.375
          ],
          "tintindex": 0,
          "rotation": 0,
          "texture": "#1"
        }
      },
      "rotation": {
        "origin": [
          9.983215,
          1.8082771,
          -13.249437
        ],
        "angle": -22.5,
        "axis": "x"
      }
    },
    {
      "from": [
        0.74321747,
        -8.526266,
        2.4201689
      ],
      "to": [
        15.863213,
        4.9137363,
        11.66017
      ],
      "faces": {
        "east": {
          "uv": [
            4.625,
            11.40625,
            4.90625,
            11.8125
          ],
          "tintindex": 0,
          "rotation": 0,
          "texture": "#1"
        },
        "south": {
          "uv": [
            10.03125,
            7.65625,
            10.5,
            8.0625
          ],
          "tintindex": 0,
          "rotation": 0,
          "texture": "#1"
        },
        "north": {
          "uv": [
            10.03125,
            0.625,
            10.5,
            1.03125
          ],
          "tintindex": 0,
          "rotation": 0,
          "texture": "#1"
        },
        "west": {
          "uv": [
            4.90625,
            11.40625,
            5.1875,
            11.8125
          ],
          "tintindex": 0,
          "rotation": 0,
          "texture": "#1"
        },
        "up": {
          "uv": [
            11.0625,
            1.96875,
            10.59375,
            1.6875
          ],
          "tintindex": 0,
          "rotation": 0,
          "texture": "#1"
        },
        "down": {
          "uv": [
            11.09375,
            4.90625,
            10.625,
            5.1875
          ],
          "tintindex": 0,
          "rotation": 0,
          "texture": "#1"
        }
      }
    },
    {
      "from": [
        6.6232147,
        -3.815958,
        -14.115253
      ],
      "to": [
        9.983215,
        2.9040413,
        -10.755255
      ],
      "faces": {
        "east": {
          "uv": [
            2.4375,
            12.375,
            2.53125,
            12.59375
          ],
          "tintindex": 0,
          "rotation": 0,
          "texture": "#1"
        },
        "south": {
          "uv": [
            5.25,
            12.375,
            5.34375,
            12.59375
          ],
          "tintindex": 0,
          "rotation": 0,
          "texture": "#1"
        },
        "north": {
          "uv": [
            1.15625,
            12.375,
            1.25,
            12.59375
          ],
          "tintindex": 0,
          "rotation": 0,
          "texture": "#1"
        },
        "west": {
          "uv": [
            6.78125,
            12.375,
            6.875,
            12.59375
          ],
          "tintindex": 0,
          "rotation": 0,
          "texture": "#1"
        },
        "up": {
          "uv": [
            8.96875,
            6,
            8.875,
            5.90625
          ],
          "tintindex": 0,
          "rotation": 0,
          "texture": "#1"
        },
        "down": {
          "uv": [
            9.03125,
            1.5,
            8.9375,
            1.59375
          ],
          "tintindex": 0,
          "rotation": 0,
          "texture": "#1"
        }
      }
    },
    {
      "from": [
        -4.2967834,
        15.248278,
        -9.889437
      ],
      "to": [
        20.903214,
        21.128277,
        4.390562
      ],
      "faces": {
        "east": {
          "uv": [
            3.1875,
            11.71875,
            3.625,
            11.90625
          ],
          "tintindex": 0,
          "rotation": 0,
          "texture": "#1"
        },
        "south": {
          "uv": [
            10.375,
            6.875,
            11.15625,
            7.0625
          ],
          "tintindex": 0,
          "rotation": 0,
          "texture": "#1"
        },
        "north": {
          "uv": [
            10.375,
            6.6875,
            11.15625,
            6.875
          ],
          "tintindex": 0,
          "rotation": 0,
          "texture": "#1"
        },
        "west": {
          "uv": [
            3.625,
            11.71875,
            4.0625,
            11.90625
          ],
          "tintindex": 0,
          "rotation": 0,
          "texture": "#1"
        },
        "up": {
          "uv": [
            0.78125,
            8.28125,
            0,
            7.84375
          ],
          "tintindex": 0,
          "rotation": 0,
          "texture": "#1"
        },
        "down": {
          "uv": [
            3.25,
            7.875,
            2.46875,
            8.3125
          ],
          "tintindex": 0,
          "rotation": 0,
          "texture": "#1"
        }
      },
      "rotation": {
        "origin": [
          8.303215,
          1.8082771,
          -13.249437
        ],
        "angle": -22.5,
        "axis": "x"
      }
    },
    {
      "from": [
        -0.0967865,
        -1.8473358,
        -12.624105
      ],
      "to": [
        3.263214,
        5.2926636,
        -9.264107
      ],
      "faces": {
        "east": {
          "uv": [
            10.03125,
            12.34375,
            10.125,
            12.5625
          ],
          "tintindex": 0,
          "rotation": 0,
          "texture": "#1"
        },
        "south": {
          "uv": [
            11.3125,
            12.34375,
            11.40625,
            12.5625
          ],
          "tintindex": 0,
          "rotation": 0,
          "texture": "#1"
        },
        "north": {
          "uv": [
            9.46875,
            12.34375,
            9.5625,
            12.5625
          ],
          "tintindex": 0,
          "rotation": 0,
          "texture": "#1"
        },
        "west": {
          "uv": [
            0.375,
            12.375,
            0.46875,
            12.59375
          ],
          "tintindex": 0,
          "rotation": 0,
          "texture": "#1"
        },
        "up": {
          "uv": [
            7.46875,
            8.90625,
            7.375,
            8.8125
          ],
          "tintindex": 0,
          "rotation": 0,
          "texture": "#1"
        },
        "down": {
          "uv": [
            8.96875,
            3,
            8.875,
            3.09375
          ],
          "tintindex": 0,
          "rotation": 0,
          "texture": "#1"
        }
      }
    },
    {
      "from": [
        17.543213,
        -0.7117233,
        -10.729437
      ],
      "to": [
        23.423218,
        7.688278,
        1.0305624
      ],
      "faces": {
        "east": {
          "uv": [
            11.5,
            11.0625,
            11.875,
            11.3125
          ],
          "tintindex": 0,
          "rotation": 0,
          "texture": "#1"
        },
        "south": {
          "uv": [
            12.3125,
            0.21875,
            12.5,
            0.46875
          ],
          "tintindex": 0,
          "rotation": 0,
          "texture": "#1"
        },
        "north": {
          "uv": [
            12.28125,
            10.8125,
            12.46875,
            11.0625
          ],
          "tintindex": 0,
          "rotation": 0,
          "texture": "#1"
        },
        "west": {
          "uv": [
            11.5,
            11.3125,
            11.875,
            11.5625
          ],
          "tintindex": 0,
          "rotation": 0,
          "texture": "#1"
        },
        "up": {
          "uv": [
            12.0625,
            6.9375,
            11.875,
            6.5625
          ],
          "tintindex": 0,
          "rotation": 0,
          "texture": "#1"
        },
        "down": {
          "uv": [
            8.78125,
            11.875,
            8.59375,
            12.25
          ],
          "tintindex": 0,
          "rotation": 0,
          "texture": "#1"
        }
      },
      "rotation": {
        "origin": [
          8.303215,
          1.8082771,
          -13.249437
        ],
        "angle": -22.5,
        "axis": "x"
      }
    },
    {
      "from": [
        -9.336784,
        5.1682777,
        -9.889437
      ],
      "to": [
        -4.2967834,
        17.768276,
        4.390562
      ],
      "faces": {
        "east": {
          "uv": [
            10.09375,
            5.875,
            10.53125,
            6.28125
          ],
          "tintindex": 0,
          "rotation": 0,
          "texture": "#1"
        },
        "south": {
          "uv": [
            10.34375,
            11.9375,
            10.5,
            12.34375
          ],
          "tintindex": 0,
          "rotation": 0,
          "texture": "#1"
        },
        "north": {
          "uv": [
            2.71875,
            11.9375,
            2.875,
            12.34375
          ],
          "tintindex": 0,
          "rotation": 0,
          "texture": "#1"
        },
        "west": {
          "uv": [
            10.09375,
            6.28125,
            10.53125,
            6.6875
          ],
          "tintindex": 0,
          "rotation": 0,
          "texture": "#1"
        },
        "up": {
          "uv": [
            2.21875,
            12.34375,
            2.0625,
            11.90625
          ],
          "tintindex": 0,
          "rotation": 0,
          "texture": "#1"
        },
        "down": {
          "uv": [
            3.34375,
            11.90625,
            3.1875,
            12.34375
          ],
          "tintindex": 0,
          "rotation": 0,
          "texture": "#1"
        }
      },
      "rotation": {
        "origin": [
          8.303215,
          1.8082771,
          -13.249437
        ],
        "angle": -22.5,
        "axis": "x"
      }
    },
    {
      "from": [
        -0.93678284,
        -3.0662632,
        2.4201689
      ],
      "to": [
        17.543213,
        13.733736,
        11.66017
      ],
      "faces": {
        "east": {
          "uv": [
            0.28125,
            10.46875,
            0.5625,
            11
          ],
          "tintindex": 0,
          "rotation": 0,
          "texture": "#1"
        },
        "south": {
          "uv": [
            4.1875,
            8.875,
            4.75,
            9.40625
          ],
          "tintindex": 0,
          "rotation": 0,
          "texture": "#1"
        },
        "north": {
          "uv": [
            3.625,
            8.875,
            4.1875,
            9.40625
          ],
          "tintindex": 0,
          "rotation": 0,
          "texture": "#1"
        },
        "west": {
          "uv": [
            0.5625,
            10.46875,
            0.84375,
            11
          ],
          "tintindex": 0,
          "rotation": 0,
          "texture": "#1"
        },
        "up": {
          "uv": [
            10.46875,
            2.96875,
            9.90625,
            2.6875
          ],
          "tintindex": 0,
          "rotation": 0,
          "texture": "#1"
        },
        "down": {
          "uv": [
            10.71875,
            5.25,
            10.15625,
            5.53125
          ],
          "tintindex": 0,
          "rotation": 0,
          "texture": "#1"
        }
      },
      "rotation": {
        "origin": [
          3.6832123,
          1.9737358,
          0.32016945
        ],
        "angle": -45,
        "axis": "x"
      }
    },
    {
      "from": [
        13.343216,
        -1.8473358,
        -12.624105
      ],
      "to": [
        16.703217,
        5.2926636,
        -9.264107
      ],
      "faces": {
        "east": {
          "uv": [
            3.875,
            12.34375,
            3.96875,
            12.5625
          ],
          "tintindex": 0,
          "rotation": 0,
          "texture": "#1"
        },
        "south": {
          "uv": [
            5.6875,
            12.34375,
            5.78125,
            12.5625
          ],
          "tintindex": 0,
          "rotation": 0,
          "texture": "#1"
        },
        "north": {
          "uv": [
            11.96875,
            5.46875,
            12.0625,
            5.6875
          ],
          "tintindex": 0,
          "rotation": 0,
          "texture": "#1"
        },
        "west": {
          "uv": [
            6.6875,
            12.34375,
            6.78125,
            12.5625
          ],
          "tintindex": 0,
          "rotation": 0,
          "texture": "#1"
        },
        "up": {
          "uv": [
            8.5625,
            1.21875,
            8.46875,
            1.125
          ],
          "tintindex": 0,
          "rotation": 0,
          "texture": "#1"
        },
        "down": {
          "uv": [
            4.09375,
            8.78125,
            4,
            8.875
          ],
          "tintindex": 0,
          "rotation": 0,
          "texture": "#1"
        }
      }
    },
    {
      "from": [
        -6.8167877,
        -0.7117233,
        -10.729437
      ],
      "to": [
        -0.93678284,
        7.688278,
        1.0305624
      ],
      "faces": {
        "east": {
          "uv": [
            11.5,
            7.3125,
            11.875,
            7.5625
          ],
          "tintindex": 0,
          "rotation": 0,
          "texture": "#1"
        },
        "south": {
          "uv": [
            12.28125,
            10.34375,
            12.46875,
            10.59375
          ],
          "tintindex": 0,
          "rotation": 0,
          "texture": "#1"
        },
        "north": {
          "uv": [
            12.28125,
            10.09375,
            12.46875,
            10.34375
          ],
          "tintindex": 0,
          "rotation": 0,
          "texture": "#1"
        },
        "west": {
          "uv": [
            9.65625,
            11.5,
            10.03125,
            11.75
          ],
          "tintindex": 0,
          "rotation": 0,
          "texture": "#1"
        },
        "up": {
          "uv": [
            9.3125,
            12.21875,
            9.125,
            11.84375
          ],
          "tintindex": 0,
          "rotation": 0,
          "texture": "#1"
        },
        "down": {
          "uv": [
            12.0625,
            5.6875,
            11.875,
            6.0625
          ],
          "tintindex": 0,
          "rotation": 0,
          "texture": "#1"
        }
      },
      "rotation": {
        "origin": [
          8.303215,
          1.8082771,
          -13.249437
        ],
        "angle": -22.5,
        "axis": "x"
      }
    },
    {
      "from": [
        2.4232178,
        8.528276,
        -13.249437
      ],
      "to": [
        14.183212,
        15.248278,
        4.390562
      ],
      "faces": {
        "east": {
          "uv": [
            10.9375,
            6.15625,
            11.5,
            6.375
          ],
          "tintindex": 0,
          "rotation": 0,
          "texture": "#1"
        },
        "south": {
          "uv": [
            11.71875,
            2.78125,
            12.09375,
            3
          ],
          "tintindex": 0,
          "rotation": 0,
          "texture": "#1"
        },
        "north": {
          "uv": [
            11.6875,
            4.75,
            12.0625,
            4.96875
          ],
          "tintindex": 0,
          "rotation": 0,
          "texture": "#1"
        },
        "west": {
          "uv": [
            10.9375,
            7.40625,
            11.5,
            7.625
          ],
          "tintindex": 0,
          "rotation": 0,
          "texture": "#1"
        },
        "up": {
          "uv": [
            5.9375,
            10.15625,
            5.5625,
            9.59375
          ],
          "tintindex": 0,
          "rotation": 0,
          "texture": "#1"
        },
        "down": {
          "uv": [
            6.3125,
            9.59375,
            5.9375,
            10.15625
          ],
          "tintindex": 0,
          "rotation": 0,
          "texture": "#1"
        }
      },
      "rotation": {
        "origin": [
          8.303215,
          1.8082771,
          -13.249437
        ],
        "angle": -22.5,
        "axis": "x"
      }
    },
    {
      "from": [
        -0.93678284,
        1.8082771,
        -12.409437
      ],
      "to": [
        17.543213,
        8.528276,
        4.390562
      ],
      "faces": {
        "east": {
          "uv": [
            11.25,
            0.21875,
            11.78125,
            0.4375
          ],
          "tintindex": 0,
          "rotation": 0,
          "texture": "#1"
        },
        "south": {
          "uv": [
            10.9375,
            5.9375,
            11.5,
            6.15625
          ],
          "tintindex": 0,
          "rotation": 0,
          "texture": "#1"
        },
        "north": {
          "uv": [
            10.9375,
            5.71875,
            11.5,
            5.9375
          ],
          "tintindex": 0,
          "rotation": 0,
          "texture": "#1"
        },
        "west": {
          "uv": [
            11.25,
            3.3125,
            11.78125,
            3.53125
          ],
          "tintindex": 0,
          "rotation": 0,
          "texture": "#1"
        },
        "up": {
          "uv": [
            1.125,
            9.4375,
            0.5625,
            8.90625
          ],
          "tintindex": 0,
          "rotation": 0,
          "texture": "#1"
        },
        "down": {
          "uv": [
            9.46875,
            3.5,
            8.90625,
            4.03125
          ],
          "tintindex": 0,
          "rotation": 0,
          "texture": "#1"
        }
      },
      "rotation": {
        "origin": [
          8.303215,
          1.8082771,
          -13.249437
        ],
        "angle": -22.5,
        "axis": "x"
      }
    },
    {
      "from": [
        20.903214,
        5.1682777,
        -9.889437
      ],
      "to": [
        25.943214,
        17.768276,
        4.390562
      ],
      "faces": {
        "east": {
          "uv": [
            4.125,
            10.125,
            4.5625,
            10.53125
          ],
          "tintindex": 0,
          "rotation": 0,
          "texture": "#1"
        },
        "south": {
          "uv": [
            11.96875,
            9,
            12.125,
            9.40625
          ],
          "tintindex": 0,
          "rotation": 0,
          "texture": "#1"
        },
        "north": {
          "uv": [
            10.5,
            11.9375,
            10.65625,
            12.34375
          ],
          "tintindex": 0,
          "rotation": 0,
          "texture": "#1"
        },
        "west": {
          "uv": [
            10.125,
            7.0625,
            10.5625,
            7.46875
          ],
          "tintindex": 0,
          "rotation": 0,
          "texture": "#1"
        },
        "up": {
          "uv": [
            3.5,
            12.34375,
            3.34375,
            11.90625
          ],
          "tintindex": 0,
          "rotation": 0,
          "texture": "#1"
        },
        "down": {
          "uv": [
            3.65625,
            11.90625,
            3.5,
            12.34375
          ],
          "tintindex": 0,
          "rotation": 0,
          "texture": "#1"
        }
      },
      "rotation": {
        "origin": [
          8.303215,
          1.8082771,
          -13.249437
        ],
        "angle": -22.5,
        "axis": "x"
      }
    },
    {
      "from": [
        5.7832184,
        1.8082771,
        -14.929438
      ],
      "to": [
        10.823212,
        8.528276,
        -8.209438
      ],
      "faces": {
        "east": {
          "uv": [
            12.28125,
            5.6875,
            12.5,
            5.90625
          ],
          "tintindex": 0,
          "rotation": 0,
          "texture": "#1"
        },
        "south": {
          "uv": [
            12.3125,
            11.5,
            12.46875,
            11.71875
          ],
          "tintindex": 0,
          "rotation": 0,
          "texture": "#1"
        },
        "north": {
          "uv": [
            4.78125,
            12.3125,
            4.9375,
            12.53125
          ],
          "tintindex": 0,
          "rotation": 0,
          "texture": "#1"
        },
        "west": {
          "uv": [
            12.28125,
            6.28125,
            12.5,
            6.5
          ],
          "tintindex": 0,
          "rotation": 0,
          "texture": "#1"
        },
        "up": {
          "uv": [
            12.5,
            0.6875,
            12.34375,
            0.46875
          ],
          "tintindex": 0,
          "rotation": 0,
          "texture": "#1"
        },
        "down": {
          "uv": [
            0.84375,
            12.34375,
            0.6875,
            12.5625
          ],
          "tintindex": 0,
          "rotation": 0,
          "texture": "#1"
        }
      },
      "rotation": {
        "origin": [
          8.303215,
          1.8082771,
          -13.249437
        ],
        "angle": 22.5,
        "axis": "x"
      }
    }
  ],
  "display": {
    "head": {
      "rotation": [
        0,
        0,
        0
      ]
    },
    "firstperson_righthand": {
      "rotation": [
        0,
        0,
        0
      ]
    },
    "thirdperson_lefthand": {
      "rotation": [
        0,
        0,
        0
      ]
    },
    "firstperson_lefthand": {
      "rotation": [
        0,
        0,
        0
      ]
    },
    "fixed": {
      "rotation": [
        0,
        0,
        0
      ]
    },
    "ground": {
      "rotation": [
        0,
        0,
        0
      ]
    },
    "thirdperson_righthand": {
      "rotation": [
        0,
        0,
        0
      ]
    },
    "gui": {
      "rotation": [
        -150,
        -45,
        180
      ]
    }
  }
}