{
  "textures": {
    "1": "modelengine:entity/toro_wither_terror",
    "particle": "#1"
  },
  "elements": [
    {
      "from": [
        5.48,
        -14.740002,
        -0.40000153
      ],
      "to": [
        10.52,
        -9.280003,
        4.220001
      ],
      "faces": {
        "east": {
          "uv": [
            7.96875,
            3.09375,
            8.125,
            3.25
          ],
          "tintindex": 0,
          "rotation": 0,
          "texture": "#1"
        },
        "south": {
          "uv": [
            8.125,
            3.09375,
            8.28125,
            3.25
          ],
          "tintindex": 0,
          "rotation": 0,
          "texture": "#1"
        },
        "north": {
          "uv": [
            4.0625,
            6.9375,
            4.21875,
            7.09375
          ],
          "tintindex": 0,
          "rotation": 0,
          "texture": "#1"
        },
        "west": {
          "uv": [
            5.6875,
            8.5625,
            5.84375,
            8.71875
          ],
          "tintindex": 0,
          "rotation": 0,
          "texture": "#1"
        },
        "up": {
          "uv": [
            10.375,
            5.875,
            10.21875,
            5.71875
          ],
          "tintindex": 0,
          "rotation": 0,
          "texture": "#1"
        },
        "down": {
          "uv": [
            10.53125,
            5.71875,
            10.375,
            5.875
          ],
          "tintindex": 0,
          "rotation": 0,
          "texture": "#1"
        }
      },
      "rotation": {
        "origin": [
          7.16,
          -6.760002,
          0.44000244
        ],
        "angle": -22.5,
        "axis": "x"
      }
    },
    {
      "from": [
        9.68,
        -8.02,
        -3.7600021
      ],
      "to": [
        13.88,
        -1.300003,
        0.019996643
      ],
      "faces": {
        "east": {
          "uv": [
            2.90625,
            4,
            3.03125,
            4.21875
          ],
          "tintindex": 0,
          "rotation": 0,
          "texture": "#1"
        },
        "south": {
          "uv": [
            2.46875,
            6.96875,
            2.59375,
            7.1875
          ],
          "tintindex": 0,
          "rotation": 0,
          "texture": "#1"
        },
        "north": {
          "uv": [
            2.90625,
            3.78125,
            3.03125,
            4
          ],
          "tintindex": 0,
          "rotation": 0,
          "texture": "#1"
        },
        "west": {
          "uv": [
            2.46875,
            7.1875,
            2.59375,
            7.40625
          ],
          "tintindex": 0,
          "rotation": 0,
          "texture": "#1"
        },
        "up": {
          "uv": [
            2.125,
            7.46875,
            2,
            7.34375
          ],
          "tintindex": 0,
          "rotation": 0,
          "texture": "#1"
        },
        "down": {
          "uv": [
            10.1875,
            3.34375,
            10.0625,
            3.46875
          ],
          "tintindex": 0,
          "rotation": 0,
          "texture": "#1"
        }
      },
      "rotation": {
        "origin": [
          8,
          -6.760002,
          0.44000244
        ],
        "angle": -22.5,
        "axis": "x"
      }
    },
    {
      "from": [
        1.2800002,
        -8.860001,
        5.4800034
      ],
      "to": [
        14.719999,
        -2.1400032,
        13.879997
      ],
      "faces": {
        "east": {
          "uv": [
            12.0625,
            11.5,
            12.3125,
            11.71875
          ],
          "tintindex": 0,
          "rotation": 0,
          "texture": "#1"
        },
        "south": {
          "uv": [
            11.53125,
            8.375,
            11.9375,
            8.59375
          ],
          "tintindex": 0,
          "rotation": 0,
          "texture": "#1"
        },
        "north": {
          "uv": [
            9.625,
            0.625,
            10.03125,
            0.84375
          ],
          "tintindex": 0,
          "rotation": 0,
          "texture": "#1"
        },
        "west": {
          "uv": [
            12.09375,
            2.71875,
            12.34375,
            2.9375
          ],
          "tintindex": 0,
          "rotation": 0,
          "texture": "#1"
        },
        "up": {
          "uv": [
            11.8125,
            6.8125,
            11.40625,
            6.5625
          ],
          "tintindex": 0,
          "rotation": 0,
          "texture": "#1"
        },
        "down": {
          "uv": [
            11.8125,
            7.625,
            11.40625,
            7.875
          ],
          "tintindex": 0,
          "rotation": 0,
          "texture": "#1"
        }
      },
      "rotation": {
        "origin": [
          8,
          -7.6000023,
          7.1600037
        ],
        "angle": -45,
        "axis": "x"
      }
    },
    {
      "from": [
        -0.39999962,
        -10.960001,
        -0.40000153
      ],
      "to": [
        16.4,
        -4.2400017,
        8
      ],
      "faces": {
        "east": {
          "uv": [
            7.09375,
            9.46875,
            7.34375,
            9.6875
          ],
          "tintindex": 0,
          "rotation": 0,
          "texture": "#1"
        },
        "south": {
          "uv": [
            11.21875,
            8.625,
            11.75,
            8.84375
          ],
          "tintindex": 0,
          "rotation": 0,
          "texture": "#1"
        },
        "north": {
          "uv": [
            11.15625,
            2.3125,
            11.6875,
            2.53125
          ],
          "tintindex": 0,
          "rotation": 0,
          "texture": "#1"
        },
        "west": {
          "uv": [
            11.9375,
            8.375,
            12.1875,
            8.59375
          ],
          "tintindex": 0,
          "rotation": 0,
          "texture": "#1"
        },
        "up": {
          "uv": [
            6.125,
            8.1875,
            5.59375,
            7.9375
          ],
          "tintindex": 0,
          "rotation": 0,
          "texture": "#1"
        },
        "down": {
          "uv": [
            10.90625,
            9.59375,
            10.375,
            9.84375
          ],
          "tintindex": 0,
          "rotation": 0,
          "texture": "#1"
        }
      }
    },
    {
      "from": [
        2.12,
        -8.02,
        -3.7600021
      ],
      "to": [
        6.32,
        -1.300003,
        0.019996643
      ],
      "faces": {
        "east": {
          "uv": [
            7.375,
            8.59375,
            7.5,
            8.8125
          ],
          "tintindex": 0,
          "rotation": 0,
          "texture": "#1"
        },
        "south": {
          "uv": [
            8.875,
            5.6875,
            9,
            5.90625
          ],
          "tintindex": 0,
          "rotation": 0,
          "texture": "#1"
        },
        "north": {
          "uv": [
            3.5,
            7.5,
            3.625,
            7.71875
          ],
          "tintindex": 0,
          "rotation": 0,
          "texture": "#1"
        },
        "west": {
          "uv": [
            1.125,
            8.90625,
            1.25,
            9.125
          ],
          "tintindex": 0,
          "rotation": 0,
          "texture": "#1"
        },
        "up": {
          "uv": [
            10.5,
            2.1875,
            10.375,
            2.0625
          ],
          "tintindex": 0,
          "rotation": 0,
          "texture": "#1"
        },
        "down": {
          "uv": [
            11.03125,
            3.3125,
            10.90625,
            3.4375
          ],
          "tintindex": 0,
          "rotation": 0,
          "texture": "#1"
        }
      },
      "rotation": {
        "origin": [
          8,
          -6.760002,
          0.44000244
        ],
        "angle": -22.5,
        "axis": "x"
      }
    }
  ],
  "display": {
    "head": {
      "rotation": [
        0,
        0,
        0
      ]
    },
    "firstperson_righthand": {
      "rotation": [
        0,
        0,
        0
      ]
    },
    "thirdperson_lefthand": {
      "rotation": [
        0,
        0,
        0
      ]
    },
    "firstperson_lefthand": {
      "rotation": [
        0,
        0,
        0
      ]
    },
    "fixed": {
      "rotation": [
        0,
        0,
        0
      ]
    },
    "ground": {
      "rotation": [
        0,
        0,
        0
      ]
    },
    "thirdperson_righthand": {
      "rotation": [
        0,
        0,
        0
      ]
    },
    "gui": {
      "rotation": [
        -150,
        -45,
        180
      ]
    }
  }
}