{
  "textures": {
    "1": "modelengine:entity/toro_wither_terror",
    "particle": "#1"
  },
  "elements": [
    {
      "from": [
        -6.2722626,
        5.716709,
        7.19541
      ],
      "to": [
        1.0777397,
        7.8167095,
        9.14541
      ],
      "faces": {
        "east": {
          "uv": [
            6.125,
            8.1875,
            6.03125,
            8.3125
          ],
          "tintindex": 0,
          "rotation": 0,
          "texture": "#1"
        },
        "south": {
          "uv": [
            11.625,
            3.53125,
            11.25,
            3.65625
          ],
          "tintindex": 0,
          "rotation": 0,
          "texture": "#1"
        },
        "north": {
          "uv": [
            10.40625,
            9.4375,
            10.03125,
            9.5625
          ],
          "tintindex": 0,
          "rotation": 0,
          "texture": "#1"
        },
        "west": {
          "uv": [
            6.53125,
            2.875,
            6.4375,
            3
          ],
          "tintindex": 0,
          "rotation": 0,
          "texture": "#1"
        },
        "up": {
          "uv": [
            7.8125,
            5.375,
            8.1875,
            5.28125
          ],
          "tintindex": 0,
          "rotation": 0,
          "texture": "#1"
        },
        "down": {
          "uv": [
            8.09375,
            1.125,
            8.46875,
            1.21875
          ],
          "tintindex": 0,
          "rotation": 0,
          "texture": "#1"
        }
      },
      "rotation": {
        "origin": [
          -1.7722626,
          7.8167095,
          8.09541
        ],
        "angle": 22.5,
        "axis": "z"
      }
    },
    {
      "from": [
        5.7277374,
        6.0167093,
        5.3954096
      ],
      "to": [
        9.32774,
        9.616709,
        10.19541
      ],
      "faces": {
        "east": {
          "uv": [
            9.5625,
            4.625,
            9.3125,
            4.8125
          ],
          "tintindex": 0,
          "rotation": 0,
          "texture": "#1"
        },
        "south": {
          "uv": [
            10.34375,
            12.3125,
            10.15625,
            12.5
          ],
          "tintindex": 0,
          "rotation": 0,
          "texture": "#1"
        },
        "north": {
          "uv": [
            12.5,
            6.09375,
            12.3125,
            6.28125
          ],
          "tintindex": 0,
          "rotation": 0,
          "texture": "#1"
        },
        "west": {
          "uv": [
            5.21875,
            8,
            4.96875,
            8.1875
          ],
          "tintindex": 0,
          "rotation": 0,
          "texture": "#1"
        },
        "up": {
          "uv": [
            9.125,
            12.46875,
            9.3125,
            12.21875
          ],
          "tintindex": 0,
          "rotation": 0,
          "texture": "#1"
        },
        "down": {
          "uv": [
            8.59375,
            12.25,
            8.78125,
            12.5
          ],
          "tintindex": 0,
          "rotation": 0,
          "texture": "#1"
        }
      },
      "rotation": {
        "origin": [
          7.2277374,
          7.8167095,
          7.79541
        ],
        "angle": 22.5,
        "axis": "z"
      }
    },
    {
      "from": [
        0.32773972,
        6.616709,
        6.5954103
      ],
      "to": [
        8.127739,
        9.016709,
        9.59541
      ],
      "faces": {
        "east": {
          "uv": [
            0.75,
            8.28125,
            0.59375,
            8.40625
          ],
          "tintindex": 0,
          "rotation": 0,
          "texture": "#1"
        },
        "south": {
          "uv": [
            9.78125,
            1.375,
            9.375,
            1.5
          ],
          "tintindex": 0,
          "rotation": 0,
          "texture": "#1"
        },
        "north": {
          "uv": [
            6.4375,
            2.875,
            6.03125,
            3
          ],
          "tintindex": 0,
          "rotation": 0,
          "texture": "#1"
        },
        "west": {
          "uv": [
            6.03125,
            8.1875,
            5.875,
            8.3125
          ],
          "tintindex": 0,
          "rotation": 0,
          "texture": "#1"
        },
        "up": {
          "uv": [
            6.625,
            0.5625,
            7.03125,
            0.40625
          ],
          "tintindex": 0,
          "rotation": 0,
          "texture": "#1"
        },
        "down": {
          "uv": [
            7.0625,
            1.21875,
            7.46875,
            1.375
          ],
          "tintindex": 0,
          "rotation": 0,
          "texture": "#1"
        }
      }
    }
  ],
  "display": {
    "head": {
      "rotation": [
        0,
        0,
        0
      ]
    },
    "firstperson_righthand": {
      "rotation": [
        0,
        0,
        0
      ]
    },
    "thirdperson_lefthand": {
      "rotation": [
        0,
        0,
        0
      ]
    },
    "firstperson_lefthand": {
      "rotation": [
        0,
        0,
        0
      ]
    },
    "fixed": {
      "rotation": [
        0,
        0,
        0
      ]
    },
    "ground": {
      "rotation": [
        0,
        0,
        0
      ]
    },
    "thirdperson_righthand": {
      "rotation": [
        0,
        0,
        0
      ]
    },
    "gui": {
      "rotation": [
        -150,
        -45,
        180
      ]
    }
  }
}