{
  "textures": {
    "1": "modelengine:entity/toro_wither_terror",
    "particle": "#1"
  },
  "elements": [
    {
      "from": [
        2.6,
        0.6135287,
        4.224823
      ],
      "to": [
        13.4,
        7.813529,
        23.874825
      ],
      "faces": {
        "east": {
          "uv": [
            2.46875,
            7.5,
            3.5,
            7.875
          ],
          "tintindex": 0,
          "rotation": 0,
          "texture": "#1"
        },
        "south": {
          "uv": [
            9.625,
            0.25,
            10.1875,
            0.625
          ],
          "tintindex": 0,
          "rotation": 0,
          "texture": "#1"
        },
        "north": {
          "uv": [
            9.5625,
            4.90625,
            10.125,
            5.28125
          ],
          "tintindex": 0,
          "rotation": 0,
          "texture": "#1"
        },
        "west": {
          "uv": [
            7.53125,
            1.21875,
            8.5625,
            1.59375
          ],
          "tintindex": 0,
          "rotation": 0,
          "texture": "#1"
        },
        "up": {
          "uv": [
            6.34375,
            6.40625,
            5.78125,
            5.375
          ],
          "tintindex": 0,
          "rotation": 0,
          "texture": "#1"
        },
        "down": {
          "uv": [
            6.53125,
            3,
            5.96875,
            4.03125
          ],
          "tintindex": 0,
          "rotation": 0,
          "texture": "#1"
        }
      },
      "rotation": {
        "origin": [
          8,
          4.2135286,
          14.04982
        ],
        "angle": 22.5,
        "axis": "x"
      }
    },
    {
      "from": [
        13.1265745,
        6.430091,
        12.651634
      ],
      "to": [
        16.276575,
        17.680092,
        15.951637
      ],
      "faces": {
        "east": {
          "uv": [
            2.0625,
            11.3125,
            2.25,
            11.90625
          ],
          "tintindex": 0,
          "rotation": 0,
          "texture": "#1"
        },
        "south": {
          "uv": [
            1.25,
            11.53125,
            1.40625,
            12.125
          ],
          "tintindex": 0,
          "rotation": 0,
          "texture": "#1"
        },
        "north": {
          "uv": [
            10.03125,
            11.5,
            10.1875,
            12.09375
          ],
          "tintindex": 0,
          "rotation": 0,
          "texture": "#1"
        },
        "west": {
          "uv": [
            11.4375,
            1.15625,
            11.625,
            1.75
          ],
          "tintindex": 0,
          "rotation": 0,
          "texture": "#1"
        },
        "up": {
          "uv": [
            7.15625,
            12.53125,
            7,
            12.34375
          ],
          "tintindex": 0,
          "rotation": 0,
          "texture": "#1"
        },
        "down": {
          "uv": [
            12.5,
            7.09375,
            12.34375,
            7.28125
          ],
          "tintindex": 0,
          "rotation": 0,
          "texture": "#1"
        }
      },
      "rotation": {
        "origin": [
          20.176575,
          11.680091,
          15.501633
        ],
        "angle": -22.5,
        "axis": "x"
      }
    },
    {
      "from": [
        4.91,
        -4.402426,
        13.551636
      ],
      "to": [
        9.41,
        5.497574,
        18.501633
      ],
      "faces": {
        "east": {
          "uv": [
            4.71875,
            10.53125,
            4.96875,
            11.0625
          ],
          "tintindex": 0,
          "rotation": 0,
          "texture": "#1"
        },
        "south": {
          "uv": [
            10.59375,
            1.15625,
            10.84375,
            1.6875
          ],
          "tintindex": 0,
          "rotation": 0,
          "texture": "#1"
        },
        "north": {
          "uv": [
            1.8125,
            8.84375,
            2.0625,
            9.375
          ],
          "tintindex": 0,
          "rotation": 0,
          "texture": "#1"
        },
        "west": {
          "uv": [
            3.0625,
            10.59375,
            3.3125,
            11.125
          ],
          "tintindex": 0,
          "rotation": 0,
          "texture": "#1"
        },
        "up": {
          "uv": [
            12.28125,
            10.0625,
            12.03125,
            9.8125
          ],
          "tintindex": 0,
          "rotation": 0,
          "texture": "#1"
        },
        "down": {
          "uv": [
            12.28125,
            10.8125,
            12.03125,
            11.0625
          ],
          "tintindex": 0,
          "rotation": 0,
          "texture": "#1"
        }
      },
      "rotation": {
        "origin": [
          -0.03999996,
          -2.0024261,
          14.001633
        ],
        "angle": 45,
        "axis": "z"
      }
    },
    {
      "from": [
        6.59,
        -4.402426,
        13.551636
      ],
      "to": [
        11.09,
        5.497574,
        18.501633
      ],
      "faces": {
        "east": {
          "uv": [
            10.65625,
            2.90625,
            10.90625,
            3.4375
          ],
          "tintindex": 0,
          "rotation": 0,
          "texture": "#1"
        },
        "south": {
          "uv": [
            2.65625,
            10.6875,
            2.90625,
            11.21875
          ],
          "tintindex": 0,
          "rotation": 0,
          "texture": "#1"
        },
        "north": {
          "uv": [
            8.8125,
            10.625,
            9.0625,
            11.15625
          ],
          "tintindex": 0,
          "rotation": 0,
          "texture": "#1"
        },
        "west": {
          "uv": [
            6.90625,
            10.6875,
            7.15625,
            11.21875
          ],
          "tintindex": 0,
          "rotation": 0,
          "texture": "#1"
        },
        "up": {
          "uv": [
            12.3125,
            0.5625,
            12.0625,
            0.3125
          ],
          "tintindex": 0,
          "rotation": 0,
          "texture": "#1"
        },
        "down": {
          "uv": [
            12.3125,
            3,
            12.0625,
            3.25
          ],
          "tintindex": 0,
          "rotation": 0,
          "texture": "#1"
        }
      },
      "rotation": {
        "origin": [
          16.04,
          -2.0024261,
          14.001633
        ],
        "angle": -45,
        "axis": "z"
      }
    },
    {
      "from": [
        -0.2765751,
        6.430091,
        12.651634
      ],
      "to": [
        2.8734255,
        17.680092,
        15.951637
      ],
      "faces": {
        "east": {
          "uv": [
            9.1875,
            11.25,
            9.375,
            11.84375
          ],
          "tintindex": 0,
          "rotation": 0,
          "texture": "#1"
        },
        "south": {
          "uv": [
            0.34375,
            9.875,
            0.5,
            10.46875
          ],
          "tintindex": 0,
          "rotation": 0,
          "texture": "#1"
        },
        "north": {
          "uv": [
            4.34375,
            0.625,
            4.5,
            1.21875
          ],
          "tintindex": 0,
          "rotation": 0,
          "texture": "#1"
        },
        "west": {
          "uv": [
            10.28125,
            11.28125,
            10.46875,
            11.875
          ],
          "tintindex": 0,
          "rotation": 0,
          "texture": "#1"
        },
        "up": {
          "uv": [
            5.6875,
            12.53125,
            5.53125,
            12.34375
          ],
          "tintindex": 0,
          "rotation": 0,
          "texture": "#1"
        },
        "down": {
          "uv": [
            12.5,
            6.90625,
            12.34375,
            7.09375
          ],
          "tintindex": 0,
          "rotation": 0,
          "texture": "#1"
        }
      },
      "rotation": {
        "origin": [
          -4.1765747,
          11.680091,
          15.501633
        ],
        "angle": -22.5,
        "axis": "x"
      }
    }
  ],
  "display": {
    "head": {
      "rotation": [
        0,
        0,
        0
      ]
    },
    "firstperson_righthand": {
      "rotation": [
        0,
        0,
        0
      ]
    },
    "thirdperson_lefthand": {
      "rotation": [
        0,
        0,
        0
      ]
    },
    "firstperson_lefthand": {
      "rotation": [
        0,
        0,
        0
      ]
    },
    "fixed": {
      "rotation": [
        0,
        0,
        0
      ]
    },
    "ground": {
      "rotation": [
        0,
        0,
        0
      ]
    },
    "thirdperson_righthand": {
      "rotation": [
        0,
        0,
        0
      ]
    },
    "gui": {
      "rotation": [
        -150,
        -45,
        180
      ]
    }
  }
}