{
  "textures": {
    "0": "modelengine:entity/toro_wither",
    "particle": "#0"
  },
  "elements": [
    {
      "from": [
        -6.8167887,
        3.2882786,
        3.2705626
      ],
      "to": [
        -0.93678856,
        11.688278,
        15.030562
      ],
      "faces": {
        "east": {
          "uv": [
            3.40625,
            7.6875,
            3.71875,
            7.90625
          ],
          "tintindex": 0,
          "rotation": 0,
          "texture": "#0"
        },
        "south": {
          "uv": [
            0.96875,
            8.59375,
            1.125,
            8.8125
          ],
          "tintindex": 0,
          "rotation": 0,
          "texture": "#0"
        },
        "north": {
          "uv": [
            8.59375,
            0.15625,
            8.75,
            0.375
          ],
          "tintindex": 0,
          "rotation": 0,
          "texture": "#0"
        },
        "west": {
          "uv": [
            5.9375,
            7.6875,
            6.25,
            7.90625
          ],
          "tintindex": 0,
          "rotation": 0,
          "texture": "#0"
        },
        "up": {
          "uv": [
            8.09375,
            8.34375,
            7.9375,
            8.03125
          ],
          "tintindex": 0,
          "rotation": 0,
          "texture": "#0"
        },
        "down": {
          "uv": [
            4.15625,
            8.0625,
            4,
            8.375
          ],
          "tintindex": 0,
          "rotation": 0,
          "texture": "#0"
        }
      },
      "rotation": {
        "origin": [
          8.303212,
          5.808278,
          0.75056267
        ],
        "angle": -22.5,
        "axis": "x"
      }
    },
    {
      "from": [
        2.423212,
        12.528278,
        0.75056267
      ],
      "to": [
        14.183212,
        19.24828,
        18.390562
      ],
      "faces": {
        "east": {
          "uv": [
            7.34375,
            5.53125,
            7.8125,
            5.71875
          ],
          "tintindex": 0,
          "rotation": 0,
          "texture": "#0"
        },
        "south": {
          "uv": [
            7.40625,
            7.84375,
            7.71875,
            8.03125
          ],
          "tintindex": 0,
          "rotation": 0,
          "texture": "#0"
        },
        "north": {
          "uv": [
            6.84375,
            7.84375,
            7.15625,
            8.03125
          ],
          "tintindex": 0,
          "rotation": 0,
          "texture": "#0"
        },
        "west": {
          "uv": [
            7.34375,
            5.71875,
            7.8125,
            5.90625
          ],
          "tintindex": 0,
          "rotation": 0,
          "texture": "#0"
        },
        "up": {
          "uv": [
            0.3125,
            6.28125,
            0,
            5.8125
          ],
          "tintindex": 0,
          "rotation": 0,
          "texture": "#0"
        },
        "down": {
          "uv": [
            0.625,
            5.8125,
            0.3125,
            6.28125
          ],
          "tintindex": 0,
          "rotation": 0,
          "texture": "#0"
        }
      },
      "rotation": {
        "origin": [
          8.303212,
          5.808278,
          0.75056267
        ],
        "angle": -22.5,
        "axis": "x"
      }
    },
    {
      "from": [
        -0.93678856,
        5.808278,
        1.5905623
      ],
      "to": [
        17.543213,
        12.528278,
        18.390562
      ],
      "faces": {
        "east": {
          "uv": [
            3.84375,
            7.53125,
            4.28125,
            7.71875
          ],
          "tintindex": 0,
          "rotation": 0,
          "texture": "#0"
        },
        "south": {
          "uv": [
            5.5,
            7.34375,
            5.96875,
            7.53125
          ],
          "tintindex": 0,
          "rotation": 0,
          "texture": "#0"
        },
        "north": {
          "uv": [
            3.875,
            7.34375,
            4.34375,
            7.53125
          ],
          "tintindex": 0,
          "rotation": 0,
          "texture": "#0"
        },
        "west": {
          "uv": [
            5.5,
            7.53125,
            5.9375,
            7.71875
          ],
          "tintindex": 0,
          "rotation": 0,
          "texture": "#0"
        },
        "up": {
          "uv": [
            3.84375,
            5.5625,
            3.375,
            5.125
          ],
          "tintindex": 0,
          "rotation": 0,
          "texture": "#0"
        },
        "down": {
          "uv": [
            4.3125,
            5.125,
            3.84375,
            5.5625
          ],
          "tintindex": 0,
          "rotation": 0,
          "texture": "#0"
        }
      },
      "rotation": {
        "origin": [
          8.303212,
          5.808278,
          0.75056267
        ],
        "angle": -22.5,
        "axis": "x"
      }
    },
    {
      "from": [
        -4.296788,
        19.24828,
        4.1105623
      ],
      "to": [
        20.903212,
        25.128277,
        18.390562
      ],
      "faces": {
        "east": {
          "uv": [
            7.71875,
            7.875,
            8.09375,
            8.03125
          ],
          "tintindex": 0,
          "rotation": 0,
          "texture": "#0"
        },
        "south": {
          "uv": [
            6.71875,
            1.125,
            7.375,
            1.28125
          ],
          "tintindex": 0,
          "rotation": 0,
          "texture": "#0"
        },
        "north": {
          "uv": [
            6.71875,
            0.96875,
            7.375,
            1.125
          ],
          "tintindex": 0,
          "rotation": 0,
          "texture": "#0"
        },
        "west": {
          "uv": [
            7.90625,
            0,
            8.28125,
            0.15625
          ],
          "tintindex": 0,
          "rotation": 0,
          "texture": "#0"
        },
        "up": {
          "uv": [
            4.5,
            4.34375,
            3.84375,
            3.96875
          ],
          "tintindex": 0,
          "rotation": 0,
          "texture": "#0"
        },
        "down": {
          "uv": [
            4.65625,
            0,
            4,
            0.375
          ],
          "tintindex": 0,
          "rotation": 0,
          "texture": "#0"
        }
      },
      "rotation": {
        "origin": [
          8.303212,
          5.808278,
          0.75056267
        ],
        "angle": -22.5,
        "axis": "x"
      }
    },
    {
      "from": [
        6.623212,
        0.18404293,
        -0.11525345
      ],
      "to": [
        9.9832115,
        6.904043,
        3.2447462
      ],
      "faces": {
        "east": {
          "uv": [
            4.21875,
            8.78125,
            4.3125,
            8.96875
          ],
          "tintindex": 0,
          "rotation": 0,
          "texture": "#0"
        },
        "south": {
          "uv": [
            8.78125,
            5.9375,
            8.875,
            6.125
          ],
          "tintindex": 0,
          "rotation": 0,
          "texture": "#0"
        },
        "north": {
          "uv": [
            3.125,
            8.75,
            3.21875,
            8.9375
          ],
          "tintindex": 0,
          "rotation": 0,
          "texture": "#0"
        },
        "west": {
          "uv": [
            8.78125,
            6.875,
            8.875,
            7.0625
          ],
          "tintindex": 0,
          "rotation": 0,
          "texture": "#0"
        },
        "up": {
          "uv": [
            7.34375,
            5.625,
            7.25,
            5.53125
          ],
          "tintindex": 0,
          "rotation": 0,
          "texture": "#0"
        },
        "down": {
          "uv": [
            7.375,
            2.5,
            7.28125,
            2.59375
          ],
          "tintindex": 0,
          "rotation": 0,
          "texture": "#0"
        }
      }
    },
    {
      "from": [
        17.543213,
        3.2882786,
        3.2705626
      ],
      "to": [
        23.423212,
        11.688278,
        15.030562
      ],
      "faces": {
        "east": {
          "uv": [
            0.59375,
            7.71875,
            0.90625,
            7.9375
          ],
          "tintindex": 0,
          "rotation": 0,
          "texture": "#0"
        },
        "south": {
          "uv": [
            1.125,
            8.59375,
            1.28125,
            8.8125
          ],
          "tintindex": 0,
          "rotation": 0,
          "texture": "#0"
        },
        "north": {
          "uv": [
            8.59375,
            0.96875,
            8.75,
            1.1875
          ],
          "tintindex": 0,
          "rotation": 0,
          "texture": "#0"
        },
        "west": {
          "uv": [
            3.71875,
            7.71875,
            4.03125,
            7.9375
          ],
          "tintindex": 0,
          "rotation": 0,
          "texture": "#0"
        },
        "up": {
          "uv": [
            4.3125,
            8.375,
            4.15625,
            8.0625
          ],
          "tintindex": 0,
          "rotation": 0,
          "texture": "#0"
        },
        "down": {
          "uv": [
            4.46875,
            8.0625,
            4.3125,
            8.375
          ],
          "tintindex": 0,
          "rotation": 0,
          "texture": "#0"
        }
      },
      "rotation": {
        "origin": [
          8.303212,
          5.808278,
          0.75056267
        ],
        "angle": -22.5,
        "axis": "x"
      }
    },
    {
      "from": [
        0.74321175,
        -4.526263,
        16.42017
      ],
      "to": [
        15.863212,
        8.913736,
        25.66017
      ],
      "faces": {
        "east": {
          "uv": [
            4.34375,
            7.375,
            4.59375,
            7.71875
          ],
          "tintindex": 0,
          "rotation": 0,
          "texture": "#0"
        },
        "south": {
          "uv": [
            5.78125,
            5.875,
            6.1875,
            6.21875
          ],
          "tintindex": 0,
          "rotation": 0,
          "texture": "#0"
        },
        "north": {
          "uv": [
            4.75,
            5.8125,
            5.15625,
            6.15625
          ],
          "tintindex": 0,
          "rotation": 0,
          "texture": "#0"
        },
        "west": {
          "uv": [
            4.59375,
            7.375,
            4.84375,
            7.71875
          ],
          "tintindex": 0,
          "rotation": 0,
          "texture": "#0"
        },
        "up": {
          "uv": [
            2.40625,
            6.9375,
            2,
            6.6875
          ],
          "tintindex": 0,
          "rotation": 0,
          "texture": "#0"
        },
        "down": {
          "uv": [
            7.125,
            1.28125,
            6.71875,
            1.53125
          ],
          "tintindex": 0,
          "rotation": 0,
          "texture": "#0"
        }
      }
    },
    {
      "from": [
        20.903212,
        9.168279,
        4.1105623
      ],
      "to": [
        25.94321,
        21.76828,
        18.390562
      ],
      "faces": {
        "east": {
          "uv": [
            0.84375,
            6.3125,
            1.21875,
            6.65625
          ],
          "tintindex": 0,
          "rotation": 0,
          "texture": "#0"
        },
        "south": {
          "uv": [
            7.5,
            8.34375,
            7.625,
            8.6875
          ],
          "tintindex": 0,
          "rotation": 0,
          "texture": "#0"
        },
        "north": {
          "uv": [
            7.375,
            8.34375,
            7.5,
            8.6875
          ],
          "tintindex": 0,
          "rotation": 0,
          "texture": "#0"
        },
        "west": {
          "uv": [
            2.125,
            6.34375,
            2.5,
            6.6875
          ],
          "tintindex": 0,
          "rotation": 0,
          "texture": "#0"
        },
        "up": {
          "uv": [
            8.40625,
            8.59375,
            8.28125,
            8.21875
          ],
          "tintindex": 0,
          "rotation": 0,
          "texture": "#0"
        },
        "down": {
          "uv": [
            8.4375,
            0.65625,
            8.3125,
            1.03125
          ],
          "tintindex": 0,
          "rotation": 0,
          "texture": "#0"
        }
      },
      "rotation": {
        "origin": [
          8.303212,
          5.808278,
          0.75056267
        ],
        "angle": -22.5,
        "axis": "x"
      }
    },
    {
      "from": [
        13.343212,
        2.1526642,
        1.3758941
      ],
      "to": [
        16.703213,
        9.292665,
        4.735894
      ],
      "faces": {
        "east": {
          "uv": [
            7.0625,
            8.03125,
            7.15625,
            8.21875
          ],
          "tintindex": 0,
          "rotation": 0,
          "texture": "#0"
        },
        "south": {
          "uv": [
            4.6875,
            8.0625,
            4.78125,
            8.25
          ],
          "tintindex": 0,
          "rotation": 0,
          "texture": "#0"
        },
        "north": {
          "uv": [
            0.59375,
            7.40625,
            0.6875,
            7.59375
          ],
          "tintindex": 0,
          "rotation": 0,
          "texture": "#0"
        },
        "west": {
          "uv": [
            3.90625,
            8.1875,
            4,
            8.375
          ],
          "tintindex": 0,
          "rotation": 0,
          "texture": "#0"
        },
        "up": {
          "uv": [
            6.6875,
            3.0625,
            6.59375,
            2.96875
          ],
          "tintindex": 0,
          "rotation": 0,
          "texture": "#0"
        },
        "down": {
          "uv": [
            2.5,
            6.875,
            2.40625,
            6.96875
          ],
          "tintindex": 0,
          "rotation": 0,
          "texture": "#0"
        }
      }
    },
    {
      "from": [
        5.7832117,
        5.808278,
        -0.92943764
      ],
      "to": [
        10.823212,
        12.528278,
        5.7905626
      ],
      "faces": {
        "east": {
          "uv": [
            1.9375,
            8.5625,
            2.125,
            8.75
          ],
          "tintindex": 0,
          "rotation": 0,
          "texture": "#0"
        },
        "south": {
          "uv": [
            8.75,
            1.4375,
            8.875,
            1.625
          ],
          "tintindex": 0,
          "rotation": 0,
          "texture": "#0"
        },
        "north": {
          "uv": [
            0.28125,
            8.71875,
            0.40625,
            8.90625
          ],
          "tintindex": 0,
          "rotation": 0,
          "texture": "#0"
        },
        "west": {
          "uv": [
            8.5625,
            2.09375,
            8.75,
            2.28125
          ],
          "tintindex": 0,
          "rotation": 0,
          "texture": "#0"
        },
        "up": {
          "uv": [
            1.59375,
            8.9375,
            1.46875,
            8.75
          ],
          "tintindex": 0,
          "rotation": 0,
          "texture": "#0"
        },
        "down": {
          "uv": [
            1.71875,
            8.75,
            1.59375,
            8.9375
          ],
          "tintindex": 0,
          "rotation": 0,
          "texture": "#0"
        }
      },
      "rotation": {
        "origin": [
          8.303212,
          5.808278,
          0.75056267
        ],
        "angle": 22.5,
        "axis": "x"
      }
    },
    {
      "from": [
        -9.336788,
        9.168279,
        4.1105623
      ],
      "to": [
        -4.296788,
        21.76828,
        18.390562
      ],
      "faces": {
        "east": {
          "uv": [
            0,
            6.28125,
            0.375,
            6.625
          ],
          "tintindex": 0,
          "rotation": 0,
          "texture": "#0"
        },
        "south": {
          "uv": [
            7.25,
            8.34375,
            7.375,
            8.6875
          ],
          "tintindex": 0,
          "rotation": 0,
          "texture": "#0"
        },
        "north": {
          "uv": [
            8.34375,
            7.21875,
            8.46875,
            7.5625
          ],
          "tintindex": 0,
          "rotation": 0,
          "texture": "#0"
        },
        "west": {
          "uv": [
            5.125,
            6.28125,
            5.5,
            6.625
          ],
          "tintindex": 0,
          "rotation": 0,
          "texture": "#0"
        },
        "up": {
          "uv": [
            5.75,
            8.65625,
            5.625,
            8.28125
          ],
          "tintindex": 0,
          "rotation": 0,
          "texture": "#0"
        },
        "down": {
          "uv": [
            5.875,
            8.28125,
            5.75,
            8.65625
          ],
          "tintindex": 0,
          "rotation": 0,
          "texture": "#0"
        }
      },
      "rotation": {
        "origin": [
          8.303212,
          5.808278,
          0.75056267
        ],
        "angle": -22.5,
        "axis": "x"
      }
    },
    {
      "from": [
        -0.09678841,
        2.1526642,
        1.3758941
      ],
      "to": [
        3.2632117,
        9.292665,
        4.735894
      ],
      "faces": {
        "east": {
          "uv": [
            8.09375,
            8.65625,
            8.1875,
            8.84375
          ],
          "tintindex": 0,
          "rotation": 0,
          "texture": "#0"
        },
        "south": {
          "uv": [
            4.84375,
            8.6875,
            4.9375,
            8.875
          ],
          "tintindex": 0,
          "rotation": 0,
          "texture": "#0"
        },
        "north": {
          "uv": [
            8.1875,
            5.59375,
            8.28125,
            5.78125
          ],
          "tintindex": 0,
          "rotation": 0,
          "texture": "#0"
        },
        "west": {
          "uv": [
            2.03125,
            8.75,
            2.125,
            8.9375
          ],
          "tintindex": 0,
          "rotation": 0,
          "texture": "#0"
        },
        "up": {
          "uv": [
            7.34375,
            4.03125,
            7.25,
            3.9375
          ],
          "tintindex": 0,
          "rotation": 0,
          "texture": "#0"
        },
        "down": {
          "uv": [
            5.59375,
            7.25,
            5.5,
            7.34375
          ],
          "tintindex": 0,
          "rotation": 0,
          "texture": "#0"
        }
      }
    },
    {
      "from": [
        -0.93678856,
        0.9337368,
        16.42017
      ],
      "to": [
        17.543213,
        17.733738,
        25.66017
      ],
      "faces": {
        "east": {
          "uv": [
            1.75,
            6.59375,
            2,
            7.03125
          ],
          "tintindex": 0,
          "rotation": 0,
          "texture": "#0"
        },
        "south": {
          "uv": [
            2.90625,
            5.125,
            3.375,
            5.5625
          ],
          "tintindex": 0,
          "rotation": 0,
          "texture": "#0"
        },
        "north": {
          "uv": [
            2.4375,
            5.0625,
            2.90625,
            5.5
          ],
          "tintindex": 0,
          "rotation": 0,
          "texture": "#0"
        },
        "west": {
          "uv": [
            6.59375,
            6.34375,
            6.84375,
            6.78125
          ],
          "tintindex": 0,
          "rotation": 0,
          "texture": "#0"
        },
        "up": {
          "uv": [
            7.03125,
            6.34375,
            6.5625,
            6.09375
          ],
          "tintindex": 0,
          "rotation": 0,
          "texture": "#0"
        },
        "down": {
          "uv": [
            7.0625,
            2.71875,
            6.59375,
            2.96875
          ],
          "tintindex": 0,
          "rotation": 0,
          "texture": "#0"
        }
      },
      "rotation": {
        "origin": [
          3.6832118,
          5.973737,
          14.320169
        ],
        "angle": -45,
        "axis": "x"
      }
    },
    {
      "from": [
        -5.9767885,
        10.848278,
        14.190563
      ],
      "to": [
        22.583212,
        22.608276,
        25.950563
      ],
      "faces": {
        "east": {
          "uv": [
            4.75,
            7.0625,
            5.0625,
            7.375
          ],
          "tintindex": 0,
          "rotation": 0,
          "texture": "#0"
        },
        "south": {
          "uv": [
            4.5625,
            1.9375,
            5.3125,
            2.25
          ],
          "tintindex": 0,
          "rotation": 0,
          "texture": "#0"
        },
        "north": {
          "uv": [
            0,
            4.53125,
            0.75,
            4.84375
          ],
          "tintindex": 0,
          "rotation": 0,
          "texture": "#0"
        },
        "west": {
          "uv": [
            0.375,
            7.09375,
            0.6875,
            7.40625
          ],
          "tintindex": 0,
          "rotation": 0,
          "texture": "#0"
        },
        "up": {
          "uv": [
            5.3125,
            2.5625,
            4.5625,
            2.25
          ],
          "tintindex": 0,
          "rotation": 0,
          "texture": "#0"
        },
        "down": {
          "uv": [
            5.375,
            0.375,
            4.625,
            0.6875
          ],
          "tintindex": 0,
          "rotation": 0,
          "texture": "#0"
        }
      },
      "rotation": {
        "origin": [
          9.9832115,
          5.808278,
          0.75056267
        ],
        "angle": -22.5,
        "axis": "x"
      }
    }
  ],
  "display": {
    "head": {
      "rotation": [
        0,
        0,
        0
      ]
    },
    "firstperson_righthand": {
      "rotation": [
        0,
        0,
        0
      ]
    },
    "thirdperson_lefthand": {
      "rotation": [
        0,
        0,
        0
      ]
    },
    "firstperson_lefthand": {
      "rotation": [
        0,
        0,
        0
      ]
    },
    "fixed": {
      "rotation": [
        0,
        0,
        0
      ]
    },
    "ground": {
      "rotation": [
        0,
        0,
        0
      ]
    },
    "thirdperson_righthand": {
      "rotation": [
        0,
        0,
        0
      ]
    },
    "gui": {
      "rotation": [
        -150,
        -45,
        180
      ]
    }
  }
}