{
  "textures": {
    "0": "modelengine:entity/toro_wither_pool",
    "particle": "#0"
  },
  "elements": [
    {
      "from": [
        -8.666668,
        8.05,
        -9
      ],
      "to": [
        24.666668,
        8.05,
        24.333334
      ],
      "faces": {
        "up": {
          "uv": [
            0,
            6.25,
            6.25,
            0
          ],
          "tintindex": 0,
          "rotation": 0,
          "texture": "#0"
        },
        "down": {
          "uv": [
            0,
            0,
            6.25,
            6.25
          ],
          "tintindex": 0,
          "rotation": 0,
          "texture": "#0"
        }
      }
    }
  ],
  "display": {
    "head": {
      "rotation": [
        0,
        0,
        0
      ]
    },
    "firstperson_righthand": {
      "rotation": [
        0,
        0,
        0
      ]
    },
    "thirdperson_lefthand": {
      "rotation": [
        0,
        0,
        0
      ]
    },
    "firstperson_lefthand": {
      "rotation": [
        0,
        0,
        0
      ]
    },
    "fixed": {
      "rotation": [
        0,
        0,
        0
      ]
    },
    "ground": {
      "rotation": [
        0,
        0,
        0
      ]
    },
    "thirdperson_righthand": {
      "rotation": [
        0,
        0,
        0
      ]
    },
    "gui": {
      "rotation": [
        -150,
        -45,
        180
      ]
    }
  }
}